,Date,Actual_log_returns,Predicted_log_returns,BreakHigh2_lag1,log_returns_lag1
19690,2025-02-14 19:30:00,0.00010804697670147347,0.000785787072572137,False,-0.0013410399837980973
19691,2025-02-14 20:00:00,-0.0017425585497080221,0.0002537919069168544,False,0.00010804697670147347
19692,2025-02-14 20:30:00,-0.0007724802199532919,-6.730326709653063e-05,False,-0.0017425585497080221
19693,2025-02-14 21:00:00,-0.0010243786324855202,-0.0002149785599111869,False,-0.0007724802199532919
19694,2025-02-14 21:30:00,0.0025400807887064406,0.00013300657486092594,False,-0.0010243786324855202
19695,2025-02-14 22:00:00,-0.0019855911628844252,-0.00015507781867990901,False,0.0025400807887064406
19696,2025-02-14 22:30:00,0.00709137106148814,-0.00011333639091284603,False,-0.0019855911628844252
19697,2025-02-14 23:00:00,-0.008747186046207106,-0.000610431825573209,False,0.00709137106148814
19698,2025-02-14 23:30:00,0.00509510981289496,-1.4186138154014878e-05,False,-0.008747186046207106
19699,2025-02-15 00:00:00,-0.0016403158327656635,-0.0002791381743304153,False,0.00509510981289496
19700,2025-02-15 00:30:00,0.00889656886410561,0.0002334905024771196,False,-0.0016403158327656635
19701,2025-02-15 01:00:00,-0.0025603422196824772,-0.0013779722387582598,False,0.00889656886410561
19702,2025-02-15 01:30:00,0.011775866627946741,0.0007128389802099082,False,-0.0025603422196824772
19703,2025-02-15 02:00:00,-0.0024912869945952305,-9.643925680561748e-06,False,0.011775866627946741
19704,2025-02-15 02:30:00,-0.0008778215409350656,0.0008522326422659875,False,-0.0024912869945952305
19705,2025-02-15 03:00:00,-9.793342163985005e-05,-0.00032288235157181455,False,-0.0008778215409350656
19706,2025-02-15 03:30:00,-0.002575589826280951,-4.70162968672196e-05,False,-9.793342163985005e-05
19707,2025-02-15 04:00:00,0.00042011874457201237,-0.0016839636517003102,False,-0.002575589826280951
19708,2025-02-15 04:30:00,-0.008176123851486115,-0.00030681167238524285,False,0.00042011874457201237
19709,2025-02-15 05:00:00,-0.0010228752266337622,-0.0023041252990055067,False,-0.008176123851486115
19710,2025-02-15 05:30:00,0.004011119925291034,0.0012864372484990342,False,-0.0010228752266337622
19711,2025-02-15 06:00:00,-0.0003372682351453038,8.773141910358597e-05,False,0.004011119925291034
19712,2025-02-15 06:30:00,-0.0032680931260111743,0.00025534718149291164,True,-0.0003372682351453038
19713,2025-02-15 07:00:00,0.0020335504151713243,0.00045520864671293724,False,-0.0032680931260111743
19714,2025-02-15 07:30:00,0.0015871945578853092,-3.4127063487023594e-06,False,0.0020335504151713243
19715,2025-02-15 08:00:00,-0.0014908780020601036,-0.000964303373547738,False,0.0015871945578853092
19716,2025-02-15 08:30:00,0.0011186403395582664,-0.0006475547989517636,False,-0.0014908780020601036
19717,2025-02-15 09:00:00,0.0022742720919548113,-0.00036052885188127184,False,0.0011186403395582664
19718,2025-02-15 09:30:00,0.001195314204312517,-0.00034767120911059985,False,0.0022742720919548113
19719,2025-02-15 10:00:00,-0.0010122162342592383,-0.00012332575625050151,True,0.001195314204312517
19720,2025-02-15 10:30:00,0.0014068624410034486,0.0005810001056338174,True,-0.0010122162342592383
19721,2025-02-15 11:00:00,-0.0001777299475295555,2.9041174089839795e-05,False,0.0014068624410034486
19722,2025-02-15 11:30:00,-0.0015548224200982604,0.00041854996926165455,False,-0.0001777299475295555
19723,2025-02-15 12:00:00,9.90897461143239e-05,0.0005057372048515805,False,-0.0015548224200982604
19724,2025-02-15 12:30:00,-0.0016060949405120953,0.0003934363174954776,False,9.90897461143239e-05
19725,2025-02-15 13:00:00,0.000551124497001499,0.00042563753484549247,False,-0.0016060949405120953
19726,2025-02-15 13:30:00,0.00023001513129662228,0.000525428304907257,False,0.000551124497001499
19727,2025-02-15 14:00:00,0.0002711347476914946,0.0002660229311721697,False,0.00023001513129662228
19728,2025-02-15 14:30:00,-0.001456201529595446,0.0002834800999816784,True,0.0002711347476914946
19729,2025-02-15 15:00:00,-0.0002797374835334974,8.377507934839278e-06,False,-0.001456201529595446
19730,2025-02-15 15:30:00,-0.0009630100029101825,-7.02855547261613e-05,False,-0.0002797374835334974
19731,2025-02-15 16:00:00,0.0010778072384439756,-0.0003553895246781999,False,-0.0009630100029101825
19732,2025-02-15 16:30:00,0.0004743361907908608,-0.0001368361121183714,False,0.0010778072384439756
19733,2025-02-15 17:00:00,-0.00038457965303110073,7.2913425667863155e-06,True,0.0004743361907908608
19734,2025-02-15 17:30:00,0.0008651475688931974,4.098039294525686e-05,True,-0.00038457965303110073
19735,2025-02-15 18:00:00,0.00016591041173023645,-5.635463377427e-05,False,0.0008651475688931974
19736,2025-02-15 18:30:00,0.0009182106487615059,-0.00016085024764185226,False,0.00016591041173023645
19737,2025-02-15 19:00:00,-0.0008241487612984413,-0.0005728704414146182,False,0.0009182106487615059
19738,2025-02-15 19:30:00,0.00034379367227619533,-4.1847862006157224e-05,False,-0.0008241487612984413
19739,2025-02-15 20:00:00,0.00037203678585654966,2.3301359955726463e-05,False,0.00034379367227619533
19740,2025-02-15 20:30:00,0.0010259882073267287,-0.00011870430828199938,False,0.00037203678585654966
19741,2025-02-15 21:00:00,0.0003809214735802376,0.000514937513995574,True,0.0010259882073267287
19742,2025-02-15 21:30:00,-0.0005863213637466393,0.00041607450633997743,False,0.0003809214735802376
19743,2025-02-15 22:00:00,-0.001621664286602797,3.110768927463403e-05,False,-0.0005863213637466393
19744,2025-02-15 22:30:00,0.0002142364152621749,-0.0003619741274172777,False,-0.001621664286602797
19745,2025-02-15 23:00:00,0.0002001584064811757,-0.0010311631550841793,False,0.0002142364152621749
19746,2025-02-15 23:30:00,0.000156185869695489,0.00010339059465149441,False,0.0002001584064811757
19747,2025-02-16 00:00:00,-0.00041771411630889445,0.00011399475091319655,True,0.000156185869695489
19748,2025-02-16 00:30:00,-0.0006222850811606868,3.883181810620541e-05,False,-0.00041771411630889445
19749,2025-02-16 01:00:00,-0.0012933629151976257,0.00010638284580468746,False,-0.0006222850811606868
19750,2025-02-16 01:30:00,-3.387425558185578e-06,7.983557227004973e-05,False,-0.0012933629151976257
19751,2025-02-16 02:00:00,0.0005500496568748094,-0.00037758692218944684,False,-3.387425558185578e-06
19752,2025-02-16 02:30:00,0.0008577197917365385,-4.513003195189987e-05,False,0.0005500496568748094
19753,2025-02-16 03:00:00,0.0010193974267179782,0.00021623184816867074,True,0.0008577197917365385
19754,2025-02-16 03:30:00,-0.0010253426903161775,0.000179982362359651,True,0.0010193974267179782
19755,2025-02-16 04:00:00,0.00031238598370700267,0.00017262149429001257,False,-0.0010253426903161775
19756,2025-02-16 04:30:00,-0.00042832568924432407,-9.522565276204373e-05,False,0.00031238598370700267
19757,2025-02-16 05:00:00,0.0010529074628387411,-3.769532966840906e-05,False,-0.00042832568924432407
19758,2025-02-16 05:30:00,0.00021063282133498227,-0.000483851679622428,False,0.0010529074628387411
19759,2025-02-16 06:00:00,-0.002041691680219875,0.00024753858614320835,True,0.00021063282133498227
19760,2025-02-16 06:30:00,0.0006517448504095915,-6.061174523173934e-05,True,-0.002041691680219875
19761,2025-02-16 07:00:00,0.0006330858791872867,0.00018967035109190175,False,0.0006517448504095915
19762,2025-02-16 07:30:00,-0.00024127957591193176,-0.0002183303270625929,False,0.0006330858791872867
19763,2025-02-16 08:00:00,0.0009766437907110033,-8.820684299949431e-05,True,-0.00024127957591193176
19764,2025-02-16 08:30:00,-0.0007097540894145668,-0.0003452585729262809,True,0.0009766437907110033
19765,2025-02-16 09:00:00,-0.00012180747764424847,9.584287643065901e-06,True,-0.0007097540894145668
19766,2025-02-16 09:30:00,0.0004854000838205703,0.00032655616697890107,False,-0.00012180747764424847
19767,2025-02-16 10:00:00,3.0412882530685053e-05,-0.00012049428438087254,False,0.0004854000838205703
19768,2025-02-16 10:30:00,-0.001200731197771954,1.8073735768207263e-05,False,3.0412882530685053e-05
19769,2025-02-16 11:00:00,-0.00044586394259282547,0.0004667540516223592,False,-0.001200731197771954
19770,2025-02-16 11:30:00,0.0005919467627903003,-0.00039350710910394606,False,-0.00044586394259282547
19771,2025-02-16 12:00:00,-0.00047000147791920877,-0.00037305897599953136,False,0.0005919467627903003
19772,2025-02-16 12:30:00,0.0002919313607768141,-0.0004888721254635936,True,-0.00047000147791920877
19773,2025-02-16 13:00:00,-0.00012272935961599464,-0.0002251116044356229,False,0.0002919313607768141
19774,2025-02-16 13:30:00,0.000964203905012785,-0.00018443681078125939,False,-0.00012272935961599464
19775,2025-02-16 14:00:00,-0.00019567623206817892,-8.95091671266141e-05,False,0.000964203905012785
19776,2025-02-16 14:30:00,-0.001048287971060902,0.0002629169867213552,False,-0.00019567623206817892
19777,2025-02-16 15:00:00,-0.0010329604128722968,-5.785117465167262e-05,False,-0.001048287971060902
19778,2025-02-16 15:30:00,-0.0014289795699168534,-0.0002709887060350731,False,-0.0010329604128722968
19779,2025-02-16 16:00:00,0.0001522627653191269,0.00018102295698326835,False,-0.0014289795699168534
19780,2025-02-16 16:30:00,-0.0009681527086442686,-0.00028636457403801336,False,0.0001522627653191269
19781,2025-02-16 17:00:00,0.00020887032202556328,-0.0005453617975338664,False,-0.0009681527086442686
19782,2025-02-16 17:30:00,0.0017369743912548678,-0.0005524771253424752,False,0.00020887032202556328
19783,2025-02-16 18:00:00,-0.0009350296890395681,-0.00015077589256717855,False,0.0017369743912548678
19784,2025-02-16 18:30:00,-0.0007747844766356344,-0.0002997574099136963,True,-0.0009350296890395681
19785,2025-02-16 19:00:00,0.000997631453735167,0.000301189704402489,False,-0.0007747844766356344
19786,2025-02-16 19:30:00,0.00041071182628459236,0.00030159001094576086,False,0.000997631453735167
19787,2025-02-16 20:00:00,-0.0008024683731589088,-6.121930963844409e-05,False,0.00041071182628459236
19788,2025-02-16 20:30:00,-0.0012117053563653352,0.0002532426073066696,True,-0.0008024683731589088
19789,2025-02-16 21:00:00,-0.0002860111532959706,8.328729538303509e-05,False,-0.0012117053563653352
19790,2025-02-16 21:30:00,-0.002610204886276413,-2.646903007245886e-05,False,-0.0002860111532959706
19791,2025-02-16 22:00:00,-0.00013256846989865765,-0.0002930054925268422,False,-0.002610204886276413
19792,2025-02-16 22:30:00,0.0014038787157374714,-0.00013556564361621887,False,-0.00013256846989865765
19793,2025-02-16 23:00:00,0.0010013003518230385,-0.0001299757500560461,False,0.0014038787157374714
19794,2025-02-16 23:30:00,-0.0015125507305551193,0.00014617638217855614,True,0.0010013003518230385
19795,2025-02-17 00:00:00,0.0015544733038946584,-0.00013426892480973462,False,-0.0015125507305551193
19796,2025-02-17 00:30:00,-0.00024383983892023477,0.00036243611752278436,False,0.0015544733038946584
19797,2025-02-17 01:00:00,0.0004664090308326912,-0.00043183426269605124,True,-0.00024383983892023477
19798,2025-02-17 01:30:00,-0.0011938561421160226,-0.00037954648072137896,True,0.0004664090308326912
19799,2025-02-17 02:00:00,-0.0019564651851735346,0.000390573423669996,False,-0.0011938561421160226
19800,2025-02-17 02:30:00,0.0009753568812422107,-0.00032654204911590533,False,-0.0019564651851735346
19801,2025-02-17 03:00:00,0.0006124416638543724,-0.00012565119468077913,False,0.0009753568812422107
19802,2025-02-17 03:30:00,0.0011477306985582093,-0.00013818872874319274,False,0.0006124416638543724
19803,2025-02-17 04:00:00,0.00013134732759266117,4.8095207204555495e-05,True,0.0011477306985582093
19804,2025-02-17 04:30:00,-0.001560696946861647,-0.00012735093435184934,True,0.00013134732759266117
19805,2025-02-17 05:00:00,0.0007485395423776707,-0.00019144834946772655,False,-0.001560696946861647
19806,2025-02-17 05:30:00,0.0016610184711271785,0.00025054529756948757,False,0.0007485395423776707
19807,2025-02-17 06:00:00,-0.0028065908300016354,-0.0004103788800610802,False,0.0016610184711271785
19808,2025-02-17 06:30:00,-0.00010576534106461726,0.0001013916613190898,False,-0.0028065908300016354
19809,2025-02-17 07:00:00,-0.006666324495549903,4.648070938804917e-05,False,-0.00010576534106461726
19810,2025-02-17 07:30:00,-0.0013416933281824464,-0.00015600796417513884,False,-0.006666324495549903
19811,2025-02-17 08:00:00,0.0031186622974646275,0.0011319342963571196,False,-0.0013416933281824464
19812,2025-02-17 08:30:00,-0.0011666466182055977,-0.00019827175230260552,False,0.0031186622974646275
19813,2025-02-17 09:00:00,-0.0007172229138318352,5.96072659068975e-05,True,-0.0011666466182055977
19814,2025-02-17 09:30:00,0.002676524409052857,0.000146049648087152,True,-0.0007172229138318352
19815,2025-02-17 10:00:00,-0.0004572521176276771,0.0003676306857001551,True,0.002676524409052857
19816,2025-02-17 10:30:00,-0.002461682391377454,-0.0008293534144696935,True,-0.0004572521176276771
19817,2025-02-17 11:00:00,-0.00041117511327684716,-7.162888421404172e-05,False,-0.002461682391377454
19818,2025-02-17 11:30:00,0.0003737647539490652,-0.0006501163944835878,False,-0.00041117511327684716
19819,2025-02-17 12:00:00,4.0528565234251145e-06,-0.0001688239446142498,False,0.0003737647539490652
19820,2025-02-17 12:30:00,-0.0017763085856879735,-0.00011484487957114742,False,4.0528565234251145e-06
19821,2025-02-17 13:00:00,-0.00011004392346100661,-0.00017289555896607935,False,-0.0017763085856879735
19822,2025-02-17 13:30:00,0.0022066840524350905,0.0002919276405959329,True,-0.00011004392346100661
19823,2025-02-17 14:00:00,0.001236512080959787,-5.994915455756194e-05,False,0.0022066840524350905
19824,2025-02-17 14:30:00,8.362478373696489e-05,-9.008109770255829e-05,False,0.001236512080959787
19825,2025-02-17 15:00:00,-0.0022827880106595718,2.8241223492583123e-05,True,8.362478373696489e-05
19826,2025-02-17 15:30:00,-0.0009682626103539256,0.00028746327246456004,True,-0.0022827880106595718
19827,2025-02-17 16:00:00,-9.680375344596064e-06,-0.000475382027738804,False,-0.0009682626103539256
19828,2025-02-17 16:30:00,0.0009534312435769929,-0.00013139322295331463,False,-9.680375344596064e-06
19829,2025-02-17 17:00:00,0.000860564184652445,-1.9820334985427618e-05,True,0.0009534312435769929
19830,2025-02-17 17:30:00,-0.0006699683766945648,0.00027225312389394287,False,0.000860564184652445
19831,2025-02-17 18:00:00,0.0010043688547654041,0.00022858304993680675,False,-0.0006699683766945648
19832,2025-02-17 18:30:00,-0.0016785362019235866,-0.00014254136667667038,True,0.0010043688547654041
19833,2025-02-17 19:00:00,0.0009032785484341922,0.0004013615737024418,False,-0.0016785362019235866
19834,2025-02-17 19:30:00,-0.0014273561284874605,1.7085570415538337e-05,False,0.0009032785484341922
19835,2025-02-17 20:00:00,0.002276021438228822,-0.00024020753977238777,False,-0.0014273561284874605
19836,2025-02-17 20:30:00,0.0018750437717934922,-0.00021447537474484455,False,0.002276021438228822
19837,2025-02-17 21:00:00,-0.0012297967064407807,-0.00022287946314585158,True,0.0018750437717934922
19838,2025-02-17 21:30:00,0.0007393455624440346,0.0003098044673799696,False,-0.0012297967064407807
19839,2025-02-17 22:00:00,0.002181957120362757,7.558628258509999e-05,False,0.0007393455624440346
19840,2025-02-17 22:30:00,0.0019963753458745455,-0.00028165310064629916,False,0.002181957120362757
19841,2025-02-17 23:00:00,-0.0029686079842130004,-0.0001596478710017091,False,0.0019963753458745455
19842,2025-02-17 23:30:00,-0.008924265593569115,0.0006485827433937666,False,-0.0029686079842130004
19843,2025-02-18 00:00:00,-0.001622502539663513,-0.0013114951222232948,False,-0.008924265593569115
19844,2025-02-18 00:30:00,-0.0017379734718022347,0.0005021018588299624,False,-0.001622502539663513
19845,2025-02-18 01:00:00,0.0005107979032051919,-0.0007269368839407039,False,-0.0017379734718022347
19846,2025-02-18 01:30:00,0.0009482471628099385,-0.0014022495329196396,False,0.0005107979032051919
19847,2025-02-18 02:00:00,0.00023234165573131392,-0.0007015369970290559,False,0.0009482471628099385
19848,2025-02-18 02:30:00,-0.001930838864001234,-0.0004439417864814084,False,0.00023234165573131392
19849,2025-02-18 03:00:00,0.0010377194840707237,-0.00024738363313219115,False,-0.001930838864001234
19850,2025-02-18 03:30:00,0.0012764470578998449,-0.0005986614364729123,False,0.0010377194840707237
19851,2025-02-18 04:00:00,0.0026576180371716985,5.988650021742306e-05,False,0.0012764470578998449
19852,2025-02-18 04:30:00,0.0019467117818783614,-3.765905338920411e-05,True,0.0026576180371716985
19853,2025-02-18 05:00:00,0.0014243933395958637,0.000873424398104359,True,0.0019467117818783614
19854,2025-02-18 05:30:00,0.0026882729406242064,-0.0002827777310221442,False,0.0014243933395958637
19855,2025-02-18 06:00:00,-0.002598537778615402,0.00010002936555326329,False,0.0026882729406242064
19856,2025-02-18 06:30:00,-0.00274147594873074,0.00030773005889272537,True,-0.002598537778615402
19857,2025-02-18 07:00:00,-0.0013030650055699214,0.0006312440512392917,False,-0.00274147594873074
19858,2025-02-18 07:30:00,-1.5660876458192355e-05,-4.931832351893464e-05,False,-0.0013030650055699214
19859,2025-02-18 08:00:00,-0.001957765554424792,0.0006501798959601094,False,-1.5660876458192355e-05
19860,2025-02-18 08:30:00,0.0003842680259207729,0.0007942982162151806,False,-0.001957765554424792
19861,2025-02-18 09:00:00,0.00384703832306867,0.00045947550625709916,False,0.0003842680259207729
19862,2025-02-18 09:30:00,0.0027629677767594825,0.0005072995308492589,False,0.00384703832306867
19863,2025-02-18 10:00:00,-0.0005478255350131241,6.721368115363215e-05,True,0.0027629677767594825
19864,2025-02-18 10:30:00,-0.001553034720859097,-3.763959182853258e-05,True,-0.0005478255350131241
19865,2025-02-18 11:00:00,0.0014753882669529398,0.0005697153917046654,False,-0.001553034720859097
19866,2025-02-18 11:30:00,-5.810893868357904e-05,0.00012386244227246393,False,0.0014753882669529398
19867,2025-02-18 12:00:00,-0.0009396736981831175,-0.00017396027499380582,False,-5.810893868357904e-05
19868,2025-02-18 12:30:00,-0.0004725104641258677,-0.00021203958798666345,True,-0.0009396736981831175
19869,2025-02-18 13:00:00,-0.0020216629334205544,-1.9580890995850016e-05,False,-0.0004725104641258677
19870,2025-02-18 13:30:00,-0.0027584051757488623,8.018857757720904e-05,False,-0.0020216629334205544
19871,2025-02-18 14:00:00,-0.0017596234709139034,0.0008527986276977177,False,-0.0027584051757488623
19872,2025-02-18 14:30:00,-0.0007454812100242575,0.0005925638978479178,False,-0.0017596234709139034
19873,2025-02-18 15:00:00,0.001971191624909436,-0.00033366843395737873,False,-0.0007454812100242575
19874,2025-02-18 15:30:00,-0.0009789819140442592,-0.0006879109132774639,False,0.001971191624909436
19875,2025-02-18 16:00:00,-8.768441953525403e-05,7.379151091065163e-05,False,-0.0009789819140442592
19876,2025-02-18 16:30:00,-0.0024313000135587465,-0.00011610966234597281,False,-8.768441953525403e-05
19877,2025-02-18 17:00:00,0.0041628218822048054,-8.119261979522036e-05,False,-0.0024313000135587465
19878,2025-02-18 17:30:00,0.001504872464441209,0.00028477535658296516,True,0.0041628218822048054
19879,2025-02-18 18:00:00,-0.00046658173225890383,0.00010535704585464331,True,0.001504872464441209
19880,2025-02-18 18:30:00,0.00011899014260638392,-0.0004957271868958322,True,-0.00046658173225890383
19881,2025-02-18 19:00:00,-0.00013466154137401,-0.0004830363365982588,True,0.00011899014260638392
19882,2025-02-18 19:30:00,-0.0009694922225015918,0.00014007997954764895,False,-0.00013466154137401
19883,2025-02-18 20:00:00,0.0029760904313489564,0.0004893745089177805,False,-0.0009694922225015918
19884,2025-02-18 20:30:00,0.002713374720638311,-0.0005792242927405675,True,0.0029760904313489564
19885,2025-02-18 21:00:00,0.0006028973348699614,-0.0006026696381390954,True,0.002713374720638311
19886,2025-02-18 21:30:00,-0.00016596721276310492,-3.6655651843186626e-05,True,0.0006028973348699614
19887,2025-02-18 22:00:00,0.003032734327832373,0.000674932768898388,False,-0.00016596721276310492
19888,2025-02-18 22:30:00,-0.01040386138790048,3.254730990774521e-05,False,0.003032734327832373
19889,2025-02-18 23:00:00,-0.0013231659611794204,0.0004647782474885377,False,-0.01040386138790048
19890,2025-02-18 23:30:00,0.0014948618423400765,0.0009378890254170199,False,-0.0013231659611794204
19891,2025-02-19 00:00:00,-0.0029183638949835237,0.00020090168408521645,False,0.0014948618423400765
19892,2025-02-19 00:30:00,-0.006669045048825921,0.0001659930246855109,False,-0.0029183638949835237
19893,2025-02-19 01:00:00,-0.0011021419701881883,0.0007258376771392507,False,-0.006669045048825921
19894,2025-02-19 01:30:00,-0.004587420383178024,0.00048164553007152785,False,-0.0011021419701881883
19895,2025-02-19 02:00:00,-0.0007330801731426624,0.00021463557914259653,False,-0.004587420383178024
19896,2025-02-19 02:30:00,-0.0012454686265408737,-0.002131931073442975,False,-0.0007330801731426624
19897,2025-02-19 03:00:00,-0.0026897424679744007,-0.0005964450852638545,False,-0.0012454686265408737
19898,2025-02-19 03:30:00,0.004443748718363347,-0.0008586670124157166,False,-0.0026897424679744007
19899,2025-02-19 04:00:00,0.0012172616752662065,-0.0007369243305915247,False,0.004443748718363347
19900,2025-02-19 04:30:00,0.0001032114695616585,0.00036865490371357164,True,0.0012172616752662065
19901,2025-02-19 05:00:00,0.009898480801137144,0.0012639290323460289,False,0.0001032114695616585
19902,2025-02-19 05:30:00,-0.0019380379249776774,0.0002428053181247062,False,0.009898480801137144
19903,2025-02-19 06:00:00,0.0036951514084032286,0.00039563283172561073,False,-0.0019380379249776774
19904,2025-02-19 06:30:00,-0.0009844407652212417,-0.0001654580343681816,False,0.0036951514084032286
19905,2025-02-19 07:00:00,0.002833268703307485,-1.685657578864986e-05,False,-0.0009844407652212417
19906,2025-02-19 07:30:00,0.0007595238122801431,-0.0011659725274208992,False,0.002833268703307485
19907,2025-02-19 08:00:00,-0.0019237325516090723,-0.0008248931682078328,True,0.0007595238122801431
19908,2025-02-19 08:30:00,-0.0013067020796825163,0.00020530201611824837,True,-0.0019237325516090723
19909,2025-02-19 09:00:00,-0.0015297121444585147,0.001201275341460854,False,-0.0013067020796825163
19910,2025-02-19 09:30:00,0.002729517756516991,0.00047251758413277003,False,-0.0015297121444585147
19911,2025-02-19 10:00:00,0.0009846853945633266,1.9143626014571476e-05,False,0.002729517756516991
19912,2025-02-19 10:30:00,0.002785279611939711,0.0005740681084372692,True,0.0009846853945633266
19913,2025-02-19 11:00:00,-0.0009811091330655778,-0.00035426270910434663,True,0.002785279611939711
19914,2025-02-19 11:30:00,-0.0001079682503320877,-1.551971791689739e-05,False,-0.0009811091330655778
19915,2025-02-19 12:00:00,-0.0018498121644228626,-0.0003960085688773124,False,-0.0001079682503320877
19916,2025-02-19 12:30:00,-0.0030013275639079835,-9.675301046515174e-05,False,-0.0018498121644228626
19917,2025-02-19 13:00:00,-0.0012432141436536153,-0.0003795596473881193,False,-0.0030013275639079835
19918,2025-02-19 13:30:00,0.0018081827063152337,0.0005667189675512864,False,-0.0012432141436536153
19919,2025-02-19 14:00:00,0.000919753638039057,-0.000144977259074336,False,0.0018081827063152337
19920,2025-02-19 14:30:00,0.002609212911106735,4.258787892304322e-05,True,0.000919753638039057
19921,2025-02-19 15:00:00,0.00023859439667407584,0.0008758216146878158,True,0.002609212911106735
19922,2025-02-19 15:30:00,0.0004896671495795951,-4.235546556519976e-05,True,0.00023859439667407584
19923,2025-02-19 16:00:00,0.001469338970010678,0.00012735562515768276,True,0.0004896671495795951
19924,2025-02-19 16:30:00,-0.0019346373402625702,0.0002974451745690111,True,0.001469338970010678
19925,2025-02-19 17:00:00,0.0016502559227341157,0.0011916310235731244,True,-0.0019346373402625702
19926,2025-02-19 17:30:00,0.0015130706309957997,0.00028083757651587956,False,0.0016502559227341157
19927,2025-02-19 18:00:00,0.003903166874393766,-0.0005104571092311875,False,0.0015130706309957997
19928,2025-02-19 18:30:00,9.024255262324413e-05,-0.0003380703142739134,True,0.003903166874393766
19929,2025-02-19 19:00:00,-0.0006083861600054612,0.0001600854176192857,False,9.024255262324413e-05
19930,2025-02-19 19:30:00,0.0016731316321733302,-0.0002029211547778693,False,-0.0006083861600054612
19931,2025-02-19 20:00:00,0.00010341472420180567,0.00011539787913413858,True,0.0016731316321733302
19932,2025-02-19 20:30:00,-0.0026298665505333912,0.00010106732140603394,True,0.00010341472420180567
19933,2025-02-19 21:00:00,0.0007362254858222081,0.00018444728636984927,False,-0.0026298665505333912
19934,2025-02-19 21:30:00,0.0005911245063681801,-0.00034002475083342605,False,0.0007362254858222081
19935,2025-02-19 22:00:00,0.0006408038382612613,-0.000180913654945093,False,0.0005911245063681801
19936,2025-02-19 22:30:00,-0.006142779085046052,-0.000204393848523151,False,0.0006408038382612613
19937,2025-02-19 23:00:00,0.0023676920702224487,-0.0002670638479659594,False,-0.006142779085046052
19938,2025-02-19 23:30:00,-0.0006220726558211173,0.0007657114489776566,False,0.0023676920702224487
19939,2025-02-20 00:00:00,0.004128716864633599,-0.00032449684931274667,False,-0.0006220726558211173
19940,2025-02-20 00:30:00,-0.00029541372231411413,0.00033949690937476267,False,0.004128716864633599
19941,2025-02-20 01:00:00,-0.0007941557043518618,0.00011049527735567378,False,-0.00029541372231411413
19942,2025-02-20 01:30:00,0.001985141531351317,0.00024311557098737543,False,-0.0007941557043518618
19943,2025-02-20 02:00:00,-0.0038642676524839855,0.00011245410917254143,True,0.001985141531351317
19944,2025-02-20 02:30:00,-0.0038357716939160305,0.0002098032617121442,False,-0.0038642676524839855
19945,2025-02-20 03:00:00,0.0027966895558387706,-0.00019006257821030238,False,-0.0038357716939160305
19946,2025-02-20 03:30:00,0.002699281744163191,-9.051559339688821e-05,False,0.0027966895558387706
19947,2025-02-20 04:00:00,0.0010131025670075528,-0.00035358701085064177,True,0.002699281744163191
19948,2025-02-20 04:30:00,-0.0013324108924269063,0.00016953302656172708,True,0.0010131025670075528
19949,2025-02-20 05:00:00,0.002619101045400269,0.00010724030859357917,False,-0.0013324108924269063
19950,2025-02-20 05:30:00,-0.001266631319689527,1.6374847225829937e-05,False,0.002619101045400269
19951,2025-02-20 06:00:00,0.001836421693863944,0.0002494987234490627,False,-0.001266631319689527
19952,2025-02-20 06:30:00,0.0005634030020992546,0.00010958847484326972,True,0.001836421693863944
19953,2025-02-20 07:00:00,0.0012633236112720026,5.70719764886872e-05,False,0.0005634030020992546
19954,2025-02-20 07:30:00,-0.000275819802651461,0.00033675102597898154,False,0.0012633236112720026
19955,2025-02-20 08:00:00,-0.0011954083914570424,0.0005413909684811476,False,-0.000275819802651461
19956,2025-02-20 08:30:00,0.003360399343944327,0.00040361727814422737,False,-0.0011954083914570424
19957,2025-02-20 09:00:00,-0.001514050041668908,0.0006339783566903216,False,0.003360399343944327
19958,2025-02-20 09:30:00,0.0006438004709742976,0.0005298215386583343,True,-0.001514050041668908
19959,2025-02-20 10:00:00,0.0010575253294273022,4.361998879073441e-05,False,0.0006438004709742976
19960,2025-02-20 10:30:00,0.0028491331124029084,0.00021050192162146522,False,0.0010575253294273022
19961,2025-02-20 11:00:00,-0.001586944066387008,-0.0003261734767559016,True,0.0028491331124029084
19962,2025-02-20 11:30:00,0.0008279356711258726,-0.00031308024489530133,True,-0.001586944066387008
19963,2025-02-20 12:00:00,0.0018764439611727685,-0.0001101209650828393,False,0.0008279356711258726
19964,2025-02-20 12:30:00,-0.0003162030000230697,0.0003246467963121964,False,0.0018764439611727685
19965,2025-02-20 13:00:00,-0.0017642381278719572,0.00031049861543396733,True,-0.0003162030000230697
19966,2025-02-20 13:30:00,-0.001311374462809204,0.0002580077670776777,False,-0.0017642381278719572
19967,2025-02-20 14:00:00,0.0003513118169836166,0.00023187492759609918,False,-0.001311374462809204
19968,2025-02-20 14:30:00,-0.00045179772938688464,0.0003502018537561403,False,0.0003513118169836166
19969,2025-02-20 15:00:00,0.0004885102206717795,-8.757701200557907e-05,False,-0.00045179772938688464
19970,2025-02-20 15:30:00,-0.0008247058983889276,0.00013158109074176165,False,0.0004885102206717795
19971,2025-02-20 16:00:00,0.001031264676886582,3.760782651123045e-05,False,-0.0008247058983889276
19972,2025-02-20 16:30:00,0.002042572748256151,0.00010869637900052196,False,0.001031264676886582
19973,2025-02-20 17:00:00,0.00042537124569106956,-0.00022006679650380894,False,0.002042572748256151
19974,2025-02-20 17:30:00,-0.0002742331441208981,-0.00020914970203084941,True,0.00042537124569106956
19975,2025-02-20 18:00:00,0.0002060419043853932,0.00034991133454304036,True,-0.0002742331441208981
19976,2025-02-20 18:30:00,0.0015713310453659992,-0.00014515413585087668,False,0.0002060419043853932
19977,2025-02-20 19:00:00,-0.0007577621149927586,-0.0007975088111080344,False,0.0015713310453659992
19978,2025-02-20 19:30:00,-0.0008636610840032496,5.046188008938556e-06,True,-0.0007577621149927586
19979,2025-02-20 20:00:00,0.002251563837296828,1.1506508017328897e-05,False,-0.0008636610840032496
19980,2025-02-20 20:30:00,0.00010406127350636917,-4.004339255396529e-05,False,0.002251563837296828
19981,2025-02-20 21:00:00,-0.00024313441742860372,0.0007581524891589203,True,0.00010406127350636917
19982,2025-02-20 21:30:00,0.001433427743933969,3.482684204156249e-05,False,-0.00024313441742860372
19983,2025-02-20 22:00:00,0.0025594708276044723,-0.00012049013775068534,False,0.001433427743933969
19984,2025-02-20 22:30:00,-0.008485172992921309,2.269845865268451e-05,True,0.0025594708276044723
19985,2025-02-20 23:00:00,0.0012719429620849227,6.0357393628763785e-05,True,-0.008485172992921309
19986,2025-02-20 23:30:00,-0.0019550535770124257,0.0014058874918501565,False,0.0012719429620849227
19987,2025-02-21 00:00:00,0.00828787583773571,-0.00033882433533375755,False,-0.0019550535770124257
19988,2025-02-21 00:30:00,-0.0017826580820578504,-0.0009802189240197179,True,0.00828787583773571
19989,2025-02-21 01:00:00,0.003412910257013587,0.0006322815135827517,True,-0.0017826580820578504
19990,2025-02-21 01:30:00,0.000999466350447736,0.0008618409943045877,False,0.003412910257013587
19991,2025-02-21 02:00:00,0.003215375100680927,-4.856414280069559e-05,False,0.000999466350447736
19992,2025-02-21 02:30:00,0.000290782694162698,-0.0006531248469904299,True,0.003215375100680927
19993,2025-02-21 03:00:00,0.0017947104156972409,-1.429047540505098e-05,True,0.000290782694162698
19994,2025-02-21 03:30:00,-0.0005908711845817787,-0.00027813923608567597,True,0.0017947104156972409
19995,2025-02-21 04:00:00,0.0019482777152571614,-0.0006932420354588235,False,-0.0005908711845817787
19996,2025-02-21 04:30:00,-0.0012529564336951763,-0.0007888577277261413,False,0.0019482777152571614
19997,2025-02-21 05:00:00,-0.0028794070059083286,0.0001340498804332393,False,-0.0012529564336951763
19998,2025-02-21 05:30:00,-0.0009918989290300482,0.0006695701715211635,False,-0.0028794070059083286
19999,2025-02-21 06:00:00,0.0009283261431890976,0.0005545195349640471,False,-0.0009918989290300482
20000,2025-02-21 06:30:00,-0.0007347264269110115,-0.00044785925420564085,False,0.0009283261431890976
20001,2025-02-21 07:00:00,0.0020065518378516506,-1.6544035402899802e-05,True,-0.0007347264269110115
20002,2025-02-21 07:30:00,-3.6504160283490854e-05,0.0007808896344188863,True,0.0020065518378516506
20003,2025-02-21 08:00:00,0.00029037014466927637,-0.0001675925861009583,True,-3.6504160283490854e-05
20004,2025-02-21 08:30:00,-0.001052484358711471,-0.00045237314566748166,False,0.00029037014466927637
20005,2025-02-21 09:00:00,-0.0007376431121285984,0.00013454304420573018,False,-0.001052484358711471
20006,2025-02-21 09:30:00,0.0016286855706638427,-0.00017082079933200225,False,-0.0007376431121285984
20007,2025-02-21 10:00:00,-0.0005273076581942923,8.426542120966005e-05,False,0.0016286855706638427
20008,2025-02-21 10:30:00,-0.0015142109024354085,0.00026491739294714415,True,-0.0005273076581942923
20009,2025-02-21 11:00:00,0.0014653814710556665,0.0007845466309772173,False,-0.0015142109024354085
20010,2025-02-21 11:30:00,-0.0012613373526069538,5.32888798470387e-05,False,0.0014653814710556665
20011,2025-02-21 12:00:00,0.0003468711211005266,-0.00013215290516106014,False,-0.0012613373526069538
20012,2025-02-21 12:30:00,0.0003000289514300201,-0.00017218087635249377,False,0.0003468711211005266
20013,2025-02-21 13:00:00,0.0005088367755340396,-0.0003387734990851728,False,0.0003000289514300201
20014,2025-02-21 13:30:00,0.0008016048798088151,-0.0003100431154090165,False,0.0005088367755340396
20015,2025-02-21 14:00:00,0.00045807643562766103,-0.0003703596491670993,True,0.0008016048798088151
20016,2025-02-21 14:30:00,0.00014113103491331943,-0.000296077863127177,True,0.00045807643562766103
20017,2025-02-21 15:00:00,0.0005886947621189897,-0.00014486284533764902,False,0.00014113103491331943
20018,2025-02-21 15:30:00,-0.002703987398170432,0.0001484673099039015,False,0.0005886947621189897
20019,2025-02-21 16:00:00,-1.0181470456959649e-05,-0.00037349338828558605,False,-0.002703987398170432
20020,2025-02-21 16:30:00,0.0002626487798266753,-0.00039564297296932466,False,-1.0181470456959649e-05
20021,2025-02-21 17:00:00,0.0016753575138226669,-9.301827416063383e-05,False,0.0002626487798266753
20022,2025-02-21 17:30:00,-0.0004291236592466598,-0.0004995108501448074,False,0.0016753575138226669
20023,2025-02-21 18:00:00,0.0008360213373094527,0.00023387547457114587,False,-0.0004291236592466598
20024,2025-02-21 18:30:00,0.0019486785310812533,-0.0002064104527861192,False,0.0008360213373094527
20025,2025-02-21 19:00:00,0.0014695236104844706,-0.0004958598162065223,True,0.0019486785310812533
20026,2025-02-21 19:30:00,-0.0012557381364488513,-0.00025152708573091264,True,0.0014695236104844706
20027,2025-02-21 20:00:00,0.002366342404852382,9.255819073771072e-05,True,-0.0012557381364488513
20028,2025-02-21 20:30:00,0.0004422957983590258,-0.00024322306509592622,True,0.002366342404852382
20029,2025-02-21 21:00:00,0.0031525346954710534,3.2011452340832924e-05,True,0.0004422957983590258
20030,2025-02-21 21:30:00,0.0014258686521787902,-0.000880330757850291,True,0.0031525346954710534
20031,2025-02-21 22:00:00,-0.0030658994364277108,-8.422227774236442e-05,True,0.0014258686521787902
20032,2025-02-21 22:30:00,-0.003002743153052848,0.0010482411451659152,False,-0.0030658994364277108
20033,2025-02-21 23:00:00,-0.005434560699169974,0.0003332227183569299,False,-0.003002743153052848
20034,2025-02-21 23:30:00,-0.0012316858586080106,-0.001000496606443773,False,-0.005434560699169974
20035,2025-02-22 00:00:00,0.0018477648256113963,0.0015049896812252008,False,-0.0012316858586080106
20036,2025-02-22 00:30:00,-0.0008962710202031248,-1.4786724357869551e-05,False,0.0018477648256113963
20037,2025-02-22 01:00:00,-0.0029204162519993735,0.0004300255123142299,False,-0.0008962710202031248
20038,2025-02-22 01:30:00,-0.009861470332995337,0.0006392624379272892,False,-0.0029204162519993735
20039,2025-02-22 02:00:00,0.0012241493032518855,-6.592830999804596e-05,False,-0.009861470332995337
20040,2025-02-22 02:30:00,-0.005860477320313087,0.001993666770099502,False,0.0012241493032518855
20041,2025-02-22 03:00:00,-0.006784479495810364,-0.0007626802762872559,False,-0.005860477320313087
20042,2025-02-22 03:30:00,-0.0065171694136965715,-0.00022912567209451928,False,-0.006784479495810364
20043,2025-02-22 04:00:00,-0.00042162308497950925,0.0016568088164483218,False,-0.0065171694136965715
20044,2025-02-22 04:30:00,-0.002914285676093788,0.0012933671658695177,False,-0.00042162308497950925
20045,2025-02-22 05:00:00,0.001034475063038617,-0.000603238899948022,False,-0.002914285676093788
20046,2025-02-22 05:30:00,0.0032630789176244374,0.0003002299750867523,False,0.001034475063038617
20047,2025-02-22 06:00:00,0.004113098092057314,0.0013712852145938575,False,0.0032630789176244374
20048,2025-02-22 06:30:00,0.0007876000297272557,0.00032278425031889957,True,0.004113098092057314
20049,2025-02-22 07:00:00,0.002364604514078328,0.0001896951500895115,True,0.0007876000297272557
20050,2025-02-22 07:30:00,0.0012035298886115835,0.0007160556321154531,True,0.002364604514078328
20051,2025-02-22 08:00:00,-0.0037028438004531898,-0.00036119918389057983,True,0.0012035298886115835
20052,2025-02-22 08:30:00,0.004055515322326856,0.0004690933485588725,False,-0.0037028438004531898
20053,2025-02-22 09:00:00,0.001836568221649163,-0.0002887972952513315,False,0.004055515322326856
20054,2025-02-22 09:30:00,-0.0012665064879867358,0.0002953411684689353,True,0.001836568221649163
20055,2025-02-22 10:00:00,-0.0012134866317935243,0.0008449800946339844,True,-0.0012665064879867358
20056,2025-02-22 10:30:00,0.002345266140478149,6.85119240687679e-05,False,-0.0012134866317935243
20057,2025-02-22 11:00:00,-9.768600952590563e-05,0.0005496654715413595,False,0.002345266140478149
20058,2025-02-22 11:30:00,-0.00033153918641512655,0.0001717250568603407,False,-9.768600952590563e-05
20059,2025-02-22 12:00:00,0.0007947623341005537,8.549333791453112e-05,False,-0.00033153918641512655
20060,2025-02-22 12:30:00,0.0002822087041309298,0.0006415358162186702,False,0.0007947623341005537
20061,2025-02-22 13:00:00,0.0008945523378973828,0.00010260579294354513,True,0.0002822087041309298
20062,2025-02-22 13:30:00,0.00020208889513618895,-0.00011288157443102581,True,0.0008945523378973828
20063,2025-02-22 14:00:00,-0.0007201411402173717,-5.977597201713737e-05,True,0.00020208889513618895
20064,2025-02-22 14:30:00,-0.0003312711028931505,0.00022797214572796347,True,-0.0007201411402173717
20065,2025-02-22 15:00:00,0.0005392706888880699,0.0007945188638818822,False,-0.0003312711028931505
20066,2025-02-22 15:30:00,-0.0015304201691426658,0.0001960471912841567,False,0.0005392706888880699
20067,2025-02-22 16:00:00,-0.0005946420796140564,0.00016318658816875532,False,-0.0015304201691426658
20068,2025-02-22 16:30:00,-0.0005722288343921835,-0.00020636530121973705,False,-0.0005946420796140564
20069,2025-02-22 17:00:00,0.0015241093062212335,-1.7196164756306857e-05,False,-0.0005722288343921835
20070,2025-02-22 17:30:00,0.001426538574418477,-0.0002822068165575916,False,0.0015241093062212335
20071,2025-02-22 18:00:00,0.0004370036336080088,-0.00016985384831997097,True,0.001426538574418477
20072,2025-02-22 18:30:00,-0.00040362834968179644,-0.00015307569047294796,True,0.0004370036336080088
20073,2025-02-22 19:00:00,0.0004513897564954108,-9.283420834155393e-05,True,-0.00040362834968179644
20074,2025-02-22 19:30:00,0.0005210830836288159,-2.166998615841016e-06,False,0.0004513897564954108
20075,2025-02-22 20:00:00,0.00023958015401129434,-9.693670979100191e-07,False,0.0005210830836288159
20076,2025-02-22 20:30:00,0.002411445821603885,-4.283295446115849e-05,True,0.00023958015401129434
20077,2025-02-22 21:00:00,-0.0005652714021340179,-2.100336308699408e-05,True,0.002411445821603885
20078,2025-02-22 21:30:00,-0.002316174248467748,0.00025373831017556453,False,-0.0005652714021340179
20079,2025-02-22 22:00:00,0.0009631616294884959,0.00019212531085544067,False,-0.002316174248467748
20080,2025-02-22 22:30:00,-0.00111998058729523,-0.00048037994443637813,False,0.0009631616294884959
20081,2025-02-22 23:00:00,0.0003726378629720131,-8.848417424351214e-06,False,-0.00111998058729523
20082,2025-02-22 23:30:00,0.00033243980736022785,2.461569056200981e-05,False,0.0003726378629720131
20083,2025-02-23 00:00:00,0.0010777279535648865,0.00041007596357880017,False,0.00033243980736022785
20084,2025-02-23 00:30:00,-0.001995389469444392,0.0003191929329158162,True,0.0010777279535648865
20085,2025-02-23 01:00:00,0.0008888841144603425,0.0006143511063979294,False,-0.001995389469444392
20086,2025-02-23 01:30:00,0.00024292891447078255,0.00013084165256311395,False,0.0008888841144603425
20087,2025-02-23 02:00:00,0.0014414663627287845,-0.0001281836488682468,False,0.00024292891447078255
20088,2025-02-23 02:30:00,-0.0032720950274117023,-9.2969284509182e-05,True,0.0014414663627287845
20089,2025-02-23 03:00:00,0.001462534628856704,0.0005491355690256606,True,-0.0032720950274117023
20090,2025-02-23 03:30:00,0.000511734028717204,0.000461178002904643,False,0.001462534628856704
20091,2025-02-23 04:00:00,-0.0009217034679710091,-0.00014314775155391845,False,0.000511734028717204
20092,2025-02-23 04:30:00,0.0003449488764778988,2.4831990800900146e-05,False,-0.0009217034679710091
20093,2025-02-23 05:00:00,-0.0003851367901961066,-0.00012363474890191966,False,0.0003449488764778988
20094,2025-02-23 05:30:00,0.0013330038164094588,-4.184202566773522e-05,False,-0.0003851367901961066
20095,2025-02-23 06:00:00,-0.0001201023695696927,-0.0003488570321653232,False,0.0013330038164094588
20096,2025-02-23 06:30:00,2.844932407451351e-05,-9.16853808419649e-05,True,-0.0001201023695696927
20097,2025-02-23 07:00:00,-0.00010583558054143883,-0.00010049943689071253,False,2.844932407451351e-05
20098,2025-02-23 07:30:00,-0.0007184882373312736,0.00032960482351504364,False,-0.00010583558054143883
20099,2025-02-23 08:00:00,-0.00020160477259635373,-3.3380509947006994e-05,False,-0.0007184882373312736
20100,2025-02-23 08:30:00,0.0011065133732817065,-0.00010734440893816528,False,-0.00020160477259635373
20101,2025-02-23 09:00:00,-0.0013147877925143373,-0.00044987825922424777,False,0.0011065133732817065
20102,2025-02-23 09:30:00,-0.0007111111594978372,0.00011461653435795933,False,-0.0013147877925143373
20103,2025-02-23 10:00:00,-0.0001832736282464767,-0.0004119858284902704,False,-0.0007111111594978372
20104,2025-02-23 10:30:00,-0.0003052541689756347,5.0361425010370965e-06,False,-0.0001832736282464767
20105,2025-02-23 11:00:00,0.0013083903356391551,-6.220834293575512e-05,False,-0.0003052541689756347
20106,2025-02-23 11:30:00,-0.0010042765489104146,0.00021547830878670732,False,0.0013083903356391551
20107,2025-02-23 12:00:00,0.00017995696216118614,-0.00017255492484598154,True,-0.0010042765489104146
20108,2025-02-23 12:30:00,-0.0006649446232514412,0.0003055798721216311,False,0.00017995696216118614
20109,2025-02-23 13:00:00,-0.0006851074586049045,-0.0009192344132936232,False,-0.0006649446232514412
20110,2025-02-23 13:30:00,-0.0011963016507405824,-0.0002557627147579651,False,-0.0006851074586049045
20111,2025-02-23 14:00:00,0.0007448091975993428,-0.0009662090878705927,False,-0.0011963016507405824
20112,2025-02-23 14:30:00,0.0005390951274250405,-0.0006660510147298331,False,0.0007448091975993428
20113,2025-02-23 15:00:00,0.0007165786587231867,0.0002023614950058807,False,0.0005390951274250405
20114,2025-02-23 15:30:00,0.0012361796176781242,4.777831810790575e-07,True,0.0007165786587231867
20115,2025-02-23 16:00:00,-0.0019383324170415832,-0.0003009197505008599,True,0.0012361796176781242
20116,2025-02-23 16:30:00,0.00021657044136808926,0.00016073687938845927,False,-0.0019383324170415832
20117,2025-02-23 17:00:00,-0.0005523629170940662,-0.00013588140177543236,False,0.00021657044136808926
20118,2025-02-23 17:30:00,-0.00017307836210159454,-0.00023247413686814335,False,-0.0005523629170940662
20119,2025-02-23 18:00:00,-0.0005663739098839445,-0.00017279171704092305,False,-0.00017307836210159454
20120,2025-02-23 18:30:00,-0.0006006880656897716,-0.00018225297111015625,False,-0.0005663739098839445
20121,2025-02-23 19:00:00,-1.6321302194914188e-05,0.00024529921193991216,False,-0.0006006880656897716
20122,2025-02-23 19:30:00,-0.0006808459745314238,-0.00020664301352592607,False,-1.6321302194914188e-05
20123,2025-02-23 20:00:00,-0.002989680564516337,-0.00032662742265342963,False,-0.0006808459745314238
20124,2025-02-23 20:30:00,-0.000964570988442475,-0.0007971325020091022,False,-0.002989680564516337
20125,2025-02-23 21:00:00,0.00012187540891517159,-0.0014218095652280339,False,-0.000964570988442475
20126,2025-02-23 21:30:00,0.002246445603913135,-0.001171333021142698,False,0.00012187540891517159
20127,2025-02-23 22:00:00,0.00029065930589945266,4.9411377029904406e-05,True,0.002246445603913135
20128,2025-02-23 22:30:00,-0.004159985791141093,-0.00014253791882985837,True,0.00029065930589945266
20129,2025-02-23 23:00:00,0.001209154281439819,0.0003003393978879105,False,-0.004159985791141093
20130,2025-02-23 23:30:00,-0.002796589485624724,-0.0005000193758305125,False,0.001209154281439819
20131,2025-02-24 00:00:00,0.001307569035338216,-0.00046779606267610414,False,-0.002796589485624724
20132,2025-02-24 00:30:00,-0.0012938447656591673,-0.000886423643209797,False,0.001307569035338216
20133,2025-02-24 01:00:00,-0.0017528868735424388,-0.0003005963267159167,False,-0.0012938447656591673
20134,2025-02-24 01:30:00,0.004025686592855487,-0.001077238200865764,False,-0.0017528868735424388
20135,2025-02-24 02:00:00,0.001964741495863227,0.0003952907681795343,False,0.004025686592855487
20136,2025-02-24 02:30:00,-0.0010609926635537714,0.0006735992662197541,True,0.001964741495863227
20137,2025-02-24 03:00:00,0.0011075190562843584,2.849317933518611e-06,True,-0.0010609926635537714
20138,2025-02-24 03:30:00,-0.0009694689048052005,-0.0005781637465730365,False,0.0011075190562843584
20139,2025-02-24 04:00:00,-0.00029606891196651063,0.0002567152684990361,False,-0.0009694689048052005
20140,2025-02-24 04:30:00,0.0005377584332903476,0.0006345638093702858,False,-0.00029606891196651063
20141,2025-02-24 05:00:00,-0.0008249249991309223,0.00024088245935350696,False,0.0005377584332903476
20142,2025-02-24 05:30:00,0.0005627647312596397,0.0004384531803096889,False,-0.0008249249991309223
20143,2025-02-24 06:00:00,-0.0012667619859937373,2.6572106580394642e-05,False,0.0005627647312596397
20144,2025-02-24 06:30:00,0.001793932303544747,0.00040705262444486466,False,-0.0012667619859937373
20145,2025-02-24 07:00:00,0.0005424204133142223,9.964204104190713e-05,True,0.001793932303544747
20146,2025-02-24 07:30:00,0.004243225417768661,-0.00023523004214490238,True,0.0005424204133142223
20147,2025-02-24 08:00:00,0.0014070602442337655,0.0001233789997196689,True,0.004243225417768661
20148,2025-02-24 08:30:00,-0.0016508484898364556,-0.0005649993932274874,True,0.0014070602442337655
20149,2025-02-24 09:00:00,-0.001537260619148059,-0.00020083075050334509,True,-0.0016508484898364556
20150,2025-02-24 09:30:00,-0.0013286221491912325,7.795696721732244e-05,False,-0.001537260619148059
20151,2025-02-24 10:00:00,-0.00010012806711132693,0.0001284812076103493,False,-0.0013286221491912325
20152,2025-02-24 10:30:00,-0.0014610827247426238,0.00023443465551190504,False,-0.00010012806711132693
20153,2025-02-24 11:00:00,-0.0032044964750333332,0.0005468853107321403,False,-0.0014610827247426238
20154,2025-02-24 11:30:00,-0.0008928364896346546,0.0001696585064699931,False,-0.0032044964750333332
20155,2025-02-24 12:00:00,-0.0010853587463937621,0.0005525909317708669,False,-0.0008928364896346546
20156,2025-02-24 12:30:00,-0.00038785692541989085,-0.0006274008713066322,False,-0.0010853587463937621
20157,2025-02-24 13:00:00,0.0020903591273355423,0.00036574823197381163,False,-0.00038785692541989085
20158,2025-02-24 13:30:00,0.002485085232335875,4.767031703581789e-05,False,0.0020903591273355423
20159,2025-02-24 14:00:00,-0.00034830523842148474,0.0001525824147921279,True,0.002485085232335875
20160,2025-02-24 14:30:00,0.0017342644576851937,-0.0008199246907765889,False,-0.00034830523842148474
20161,2025-02-24 15:00:00,-0.0005295023433033714,-0.0002736627735252565,False,0.0017342644576851937
20162,2025-02-24 15:30:00,0.0007360105007444171,0.00013642311147817548,True,-0.0005295023433033714
20163,2025-02-24 16:00:00,-0.004657722757927547,-0.00015385782979628241,False,0.0007360105007444171
20164,2025-02-24 16:30:00,0.000888814614796616,-0.00011705423021478884,False,-0.004657722757927547
20165,2025-02-24 17:00:00,0.005328544044123801,0.0004650017333852843,False,0.000888814614796616
20166,2025-02-24 17:30:00,-0.0025691150209345005,-0.0005095263606624896,False,0.005328544044123801
20167,2025-02-24 18:00:00,-0.0019842577356966253,0.0004849136498084669,True,-0.0025691150209345005
20168,2025-02-24 18:30:00,0.000556833847799891,-0.00045346509796518643,False,-0.0019842577356966253
20169,2025-02-24 19:00:00,0.0006557176481164432,0.0003497910989550013,False,0.000556833847799891
20170,2025-02-24 19:30:00,0.001301999635356473,-0.00025607489985423265,False,0.0006557176481164432
20171,2025-02-24 20:00:00,4.966585108572922e-05,-0.00034395179299670384,False,0.001301999635356473
20172,2025-02-24 20:30:00,-0.0004599208113521098,-0.00014720910453989866,True,4.966585108572922e-05
20173,2025-02-24 21:00:00,0.0017567013416292187,-1.0042307118818313e-07,True,-0.0004599208113521098
20174,2025-02-24 21:30:00,-0.00390451638440484,-0.0008164397162437769,True,0.0017567013416292187
20175,2025-02-24 22:00:00,-0.0019836697262159233,-0.0006038251263139641,True,-0.00390451638440484
20176,2025-02-24 22:30:00,-0.0077877997151542975,-0.0004158444704394334,False,-0.0019836697262159233
20177,2025-02-24 23:00:00,-0.003698799711361743,-0.00027158729756358147,False,-0.0077877997151542975
20178,2025-02-24 23:30:00,0.00010920160280639378,0.0020643208742638537,False,-0.003698799711361743
20179,2025-02-25 00:00:00,0.005060346773340636,0.0004496273723144921,False,0.00010920160280639378
20180,2025-02-25 00:30:00,-0.004159817471374827,0.00053457831989722,False,0.005060346773340636
20181,2025-02-25 01:00:00,0.005939148022995292,-0.0012037789498980775,False,-0.004159817471374827
20182,2025-02-25 01:30:00,-0.0033250835523907746,0.0003352579212231728,False,0.005939148022995292
20183,2025-02-25 02:00:00,-0.0013059474257830815,-0.0003179337926764834,False,-0.0033250835523907746
20184,2025-02-25 02:30:00,-0.003928212762542665,0.00018955908562971028,False,-0.0013059474257830815
20185,2025-02-25 03:00:00,0.0026561260348940143,0.00035580922393468016,False,-0.003928212762542665
20186,2025-02-25 03:30:00,-0.0049007073459482456,-0.00044817387205424994,False,0.0026561260348940143
20187,2025-02-25 04:00:00,0.0024152748379091715,-0.0004510240910007774,False,-0.0049007073459482456
20188,2025-02-25 04:30:00,-0.0021636897854785085,5.0807401612836835e-05,False,0.0024152748379091715
20189,2025-02-25 05:00:00,0.0007881744883782661,0.0004547037928551544,False,-0.0021636897854785085
20190,2025-02-25 05:30:00,-0.0006093182052022014,-0.00012820623938217927,False,0.0007881744883782661
20191,2025-02-25 06:00:00,-0.004899094605029858,0.00026867398528407273,False,-0.0006093182052022014
20192,2025-02-25 06:30:00,-0.011280287925835256,-0.0005073622377468161,False,-0.004899094605029858
20193,2025-02-25 07:00:00,-0.004650741028137604,-0.00042696507625487613,False,-0.011280287925835256
20194,2025-02-25 07:30:00,-0.005406214902526473,0.000947096020824422,False,-0.004650741028137604
20195,2025-02-25 08:00:00,0.001295100838491351,-0.000876037251228275,False,-0.005406214902526473
20196,2025-02-25 08:30:00,0.002252007099461878,-0.0014238217109316298,False,0.001295100838491351
20197,2025-02-25 09:00:00,-0.0007165474678905698,-0.0030244421721941947,False,0.002252007099461878
20198,2025-02-25 09:30:00,0.002700676287874272,-0.0011274682704969187,False,-0.0007165474678905698
20199,2025-02-25 10:00:00,0.0005166501933682165,-0.0006642633562339538,False,0.002700676287874272
20200,2025-02-25 10:30:00,0.0031268962352735325,0.0006032391607191998,False,0.0005166501933682165
20201,2025-02-25 11:00:00,-0.003249408133362953,0.0006221533484783925,False,0.0031268962352735325
20202,2025-02-25 11:30:00,0.0009903091220581615,7.489624992774367e-05,True,-0.003249408133362953
20203,2025-02-25 12:00:00,0.001477012570374506,0.0001531991876158564,True,0.0009903091220581615
20204,2025-02-25 12:30:00,-0.004101195054243572,0.0007758898109413743,False,0.001477012570374506
20205,2025-02-25 13:00:00,-7.561527582313544e-05,0.0005318085530741928,False,-0.004101195054243572
20206,2025-02-25 13:30:00,0.0014324530809547325,0.0006263688865571652,False,-7.561527582313544e-05
20207,2025-02-25 14:00:00,-0.005116227255884288,0.0007125043850395171,False,0.0014324530809547325
20208,2025-02-25 14:30:00,-0.003434586556101715,0.0009749825776202695,False,-0.005116227255884288
20209,2025-02-25 15:00:00,-0.020649728236586878,-8.533102671540376e-05,False,-0.003434586556101715
20210,2025-02-25 15:30:00,-0.0006698622456022068,-0.0010599341271147554,False,-0.020649728236586878
20211,2025-02-25 16:00:00,0.0036751328585081194,0.001629153171110693,False,-0.0006698622456022068
20212,2025-02-25 16:30:00,-0.0030426312662474456,-0.0037547280246737077,False,0.0036751328585081194
20213,2025-02-25 17:00:00,-0.008752060381845056,-0.004118757417384554,False,-0.0030426312662474456
20214,2025-02-25 17:30:00,-0.003967272225768675,-0.002983318073771004,False,-0.008752060381845056
20215,2025-02-25 18:00:00,-0.006194020881150359,0.0014623335675583527,False,-0.003967272225768675
20216,2025-02-25 18:30:00,0.0052738169730271725,-0.0013517578848777072,False,-0.006194020881150359
20217,2025-02-25 19:00:00,-0.0056219327245159234,-0.0006757945897656359,False,0.0052738169730271725
20218,2025-02-25 19:30:00,0.017258178003431913,-0.0016315670019767608,False,-0.0056219327245159234
20219,2025-02-25 20:00:00,0.0008263494209273439,0.0003003871085112391,False,0.017258178003431913
20220,2025-02-25 20:30:00,0.0010571911807151298,0.001275350738678716,True,0.0008263494209273439
20221,2025-02-25 21:00:00,-0.003857583324749203,0.0004256306926452929,False,0.0010571911807151298
20222,2025-02-25 21:30:00,-0.0025824541062261755,-0.0008861570094487075,False,-0.003857583324749203
20223,2025-02-25 22:00:00,0.0035305168989120724,-0.0012367975533004733,False,-0.0025824541062261755
20224,2025-02-25 22:30:00,-0.023178194236193474,0.0003535136181743868,False,0.0035305168989120724
20225,2025-02-25 23:00:00,-0.006838114502292755,-0.0005885898524632092,False,-0.023178194236193474
20226,2025-02-25 23:30:00,0.007599357104264116,0.0038146818844566953,False,-0.006838114502292755
20227,2025-02-26 00:00:00,-0.010170451408576883,0.00010002239298032876,False,0.007599357104264116
20228,2025-02-26 00:30:00,0.012550788476755479,-0.006120834637803621,False,-0.010170451408576883
20229,2025-02-26 01:00:00,0.0006821526603071171,-0.0028939844602839096,False,0.012550788476755479
20230,2025-02-26 01:30:00,-0.0029573770733526145,0.0014295427052053126,False,0.0006821526603071171
20231,2025-02-26 02:00:00,-0.0034840067108246253,-0.00011375223652439106,False,-0.0029573770733526145
20232,2025-02-26 02:30:00,0.0012708876146714215,-0.0009575341485817426,False,-0.0034840067108246253
20233,2025-02-26 03:00:00,-0.0020397270247220255,0.0010736241874052298,False,0.0012708876146714215
20234,2025-02-26 03:30:00,0.01192218831996602,0.0024553282171819327,False,-0.0020397270247220255
20235,2025-02-26 04:00:00,0.00882654201823135,0.0006262057895028137,False,0.01192218831996602
20236,2025-02-26 04:30:00,-0.0061684935718471536,0.002095015880763172,True,0.00882654201823135
20237,2025-02-26 05:00:00,0.0019701900503580625,-0.000501383192763851,True,-0.0061684935718471536
20238,2025-02-26 05:30:00,0.004258412461393691,-0.00067266375983077,False,0.0019701900503580625
20239,2025-02-26 06:00:00,0.0006627921575597747,-0.00040771057503140144,False,0.004258412461393691
20240,2025-02-26 06:30:00,-0.000145571018915067,-0.001483018168389117,True,0.0006627921575597747
20241,2025-02-26 07:00:00,0.0026305277065016754,-0.00021022108088687483,False,-0.000145571018915067
20242,2025-02-26 07:30:00,-0.0042923494681866275,5.711980005942213e-05,False,0.0026305277065016754
20243,2025-02-26 08:00:00,-0.002584258625325031,-0.0006505801830977436,False,-0.0042923494681866275
20244,2025-02-26 08:30:00,-0.0036186793794007557,-0.0005379986578334683,False,-0.002584258625325031
20245,2025-02-26 09:00:00,0.002213380020886844,-0.0004953386709540968,False,-0.0036186793794007557
20246,2025-02-26 09:30:00,0.004038719834381411,0.0008114225389290677,False,0.002213380020886844
20247,2025-02-26 10:00:00,0.0015374251168315054,0.0013764019804352189,False,0.004038719834381411
20248,2025-02-26 10:30:00,0.0018603959052146224,0.0006601015562739209,True,0.0015374251168315054
20249,2025-02-26 11:00:00,0.001671009217279521,0.00012796557884304903,True,0.0018603959052146224
20250,2025-02-26 11:30:00,-0.0028690339311587083,-0.0003277915139985521,True,0.001671009217279521
20251,2025-02-26 12:00:00,0.003305290862646026,0.00030792365127243056,False,-0.0028690339311587083
20252,2025-02-26 12:30:00,-0.005410973674897661,0.00016134042054306722,False,0.003305290862646026
20253,2025-02-26 13:00:00,0.0010574171686905083,-0.00038073443071572326,True,-0.005410973674897661
20254,2025-02-26 13:30:00,-0.0041399319797995205,0.00022131004167045925,False,0.0010574171686905083
20255,2025-02-26 14:00:00,0.003243993821702279,0.0004340657504833918,False,-0.0041399319797995205
20256,2025-02-26 14:30:00,0.002197136987855193,-5.786336826743763e-05,False,0.003243993821702279
20257,2025-02-26 15:00:00,0.0013840580395033497,0.000594061533105695,True,0.002197136987855193
20258,2025-02-26 15:30:00,-0.003376330468336891,0.0008026536510874738,True,0.0013840580395033497
20259,2025-02-26 16:00:00,-0.003480590932991958,0.0010074177474633794,False,-0.003376330468336891
20260,2025-02-26 16:30:00,0.0011583021614544832,0.00035171361038732215,False,-0.003480590932991958
20261,2025-02-26 17:00:00,0.00397530349818348,-0.0004037461472275362,False,0.0011583021614544832
20262,2025-02-26 17:30:00,0.002985850587998376,0.00013029285432005345,False,0.00397530349818348
20263,2025-02-26 18:00:00,-0.0008133880451308491,0.0005421672892181432,True,0.002985850587998376
20264,2025-02-26 18:30:00,0.002315085422331442,0.0011839226217863173,False,-0.0008133880451308491
20265,2025-02-26 19:00:00,-0.0034057329477448564,-8.940916718952898e-05,False,0.002315085422331442
20266,2025-02-26 19:30:00,-0.0037661321375717324,1.1637223690600655e-05,False,-0.0034057329477448564
20267,2025-02-26 20:00:00,-0.0031824972243536696,0.0005981838829479069,False,-0.0037661321375717324
20268,2025-02-26 20:30:00,-0.004475301472425056,0.0006423252434313351,False,-0.0031824972243536696
20269,2025-02-26 21:00:00,-0.0015359052985907341,-0.0004833940513406773,False,-0.004475301472425056
20270,2025-02-26 21:30:00,-0.007372431229234813,-0.0010476166228084748,False,-0.0015359052985907341
20271,2025-02-26 22:00:00,-0.014451221324431503,0.0006401553149543835,False,-0.007372431229234813
20272,2025-02-26 22:30:00,0.019581167505854275,-0.0024065246222805055,False,-0.014451221324431503
20273,2025-02-26 23:00:00,0.0006514387386892167,0.0008775717443321851,False,0.019581167505854275
20274,2025-02-26 23:30:00,-0.0012430577985362396,0.000617380407392673,True,0.0006514387386892167
20275,2025-02-27 00:00:00,-0.008345947075852416,0.00010816232616935265,False,-0.0012430577985362396
20276,2025-02-27 00:30:00,-0.0004589753539560834,-0.0004895367811209023,False,-0.008345947075852416
20277,2025-02-27 01:00:00,0.0024486588845718887,-0.000917926768185573,False,-0.0004589753539560834
20278,2025-02-27 01:30:00,-0.011618886894813137,-0.0007949863110849143,False,0.0024486588845718887
20279,2025-02-27 02:00:00,-0.009696317622626708,-0.001806969330313655,False,-0.011618886894813137
20280,2025-02-27 02:30:00,-0.010726356762670133,-0.0016859342669889711,False,-0.009696317622626708
20281,2025-02-27 03:00:00,0.0003127202272748314,0.00012599547117560014,False,-0.010726356762670133
20282,2025-02-27 03:30:00,-0.005264168618333626,0.00043590434608268175,False,0.0003127202272748314
20283,2025-02-27 04:00:00,-0.004492112271540144,-0.0019609922939515714,False,-0.005264168618333626
20284,2025-02-27 04:30:00,0.010443015767192998,-0.0008393481248146234,False,-0.004492112271540144
20285,2025-02-27 05:00:00,0.0009281033727617154,-0.0012713365030214857,False,0.010443015767192998
20286,2025-02-27 05:30:00,-0.000448940284372504,0.00014504464058146555,True,0.0009281033727617154
20287,2025-02-27 06:00:00,-0.0019506284401727503,0.0008084356090962635,False,-0.000448940284372504
20288,2025-02-27 06:30:00,-8.006818729723471e-05,-0.0005999552154228087,False,-0.0019506284401727503
20289,2025-02-27 07:00:00,-0.0028021414375764765,0.0006032911185096808,False,-8.006818729723471e-05
20290,2025-02-27 07:30:00,0.0005093404864486116,-0.0009114249075340608,False,-0.0028021414375764765
20291,2025-02-27 08:00:00,0.002010399694057971,-0.0003425279518988989,False,0.0005093404864486116
20292,2025-02-27 08:30:00,0.0038616866767747725,0.0016924586182168247,False,0.002010399694057971
20293,2025-02-27 09:00:00,0.006127132348343318,-0.00010407982583939927,True,0.0038616866767747725
20294,2025-02-27 09:30:00,-0.005681561061545994,0.000284241374605585,True,0.006127132348343318
20295,2025-02-27 10:00:00,0.002001510533580046,0.0022573636154115434,False,-0.005681561061545994
20296,2025-02-27 10:30:00,-0.007364512903044756,0.0001947819840945849,False,0.002001510533580046
20297,2025-02-27 11:00:00,0.0052165915722445595,-0.0006220867127273595,False,-0.007364512903044756
20298,2025-02-27 11:30:00,0.005837509647154663,7.711698944298554e-05,False,0.0052165915722445595
20299,2025-02-27 12:00:00,-0.004711744553602135,-0.00013411704822488305,True,0.005837509647154663
20300,2025-02-27 12:30:00,0.003943747740063344,0.0003986972051326536,True,-0.004711744553602135
20301,2025-02-27 13:00:00,0.002109131535461582,0.00046889576842770476,False,0.003943747740063344
20302,2025-02-27 13:30:00,0.006549593199006124,-0.0006555126181733977,False,0.002109131535461582
20303,2025-02-27 14:00:00,0.0026124295249950924,-0.0016644168541720685,True,0.006549593199006124
20304,2025-02-27 14:30:00,0.0018368075774221131,-0.0006307493820312713,True,0.0026124295249950924
20305,2025-02-27 15:00:00,0.001050492314073563,-0.000991173818673793,True,0.0018368075774221131
20306,2025-02-27 15:30:00,-0.0007505041443038365,-8.97887602161845e-05,False,0.001050492314073563
20307,2025-02-27 16:00:00,-0.0035906785612419166,-0.00037917482246314113,False,-0.0007505041443038365
20308,2025-02-27 16:30:00,0.0010818396562247573,-0.0005205875099510146,False,-0.0035906785612419166
20309,2025-02-27 17:00:00,0.0010599914122242106,-0.00027675716203776437,False,0.0010818396562247573
20310,2025-02-27 17:30:00,9.907280982722342e-05,0.00019136693408888867,False,0.0010599914122242106
20311,2025-02-27 18:00:00,0.0025533397178845213,0.0006055222124637004,False,9.907280982722342e-05
20312,2025-02-27 18:30:00,0.007166918958335264,0.001201363693063041,False,0.0025533397178845213
20313,2025-02-27 19:00:00,-0.004223940613303301,0.0001771518064225341,True,0.007166918958335264
20314,2025-02-27 19:30:00,0.000540412534972096,0.0001813359653537809,True,-0.004223940613303301
20315,2025-02-27 20:00:00,-0.0024737090143955244,-0.0002375867009919405,False,0.000540412534972096
20316,2025-02-27 20:30:00,-0.0019180319126906088,-0.0004264307324705889,False,-0.0024737090143955244
20317,2025-02-27 21:00:00,0.0013855498589340335,-2.2779661646806147e-05,False,-0.0019180319126906088
20318,2025-02-27 21:30:00,-0.003764298175897816,-0.0005448899043208204,False,0.0013855498589340335
20319,2025-02-27 22:00:00,0.0025765656481785337,-0.000851290023083899,False,-0.003764298175897816
20320,2025-02-27 22:30:00,-0.01589274883116774,0.0005543238241631027,False,0.0025765656481785337
20321,2025-02-27 23:00:00,0.008087528505051367,-0.0025451710386377433,False,-0.01589274883116774
20322,2025-02-27 23:30:00,-0.0017777227420742593,0.0026153845266464228,False,0.008087528505051367
20323,2025-02-28 00:00:00,-0.0071461997727864076,-0.00016526412305709415,False,-0.0017777227420742593
20324,2025-02-28 00:30:00,-0.005049201845635271,-2.7180294000737954e-05,False,-0.0071461997727864076
20325,2025-02-28 01:00:00,0.002956960173923606,0.000729944316555802,False,-0.005049201845635271
20326,2025-02-28 01:30:00,-0.0019335082978172088,7.654750067586874e-05,False,0.002956960173923606
20327,2025-02-28 02:00:00,-0.0004210607371584665,-0.00042952540150682734,False,-0.0019335082978172088
20328,2025-02-28 02:30:00,0.0007179529489406045,-0.00014589629454168665,False,-0.0004210607371584665
20329,2025-02-28 03:00:00,-0.007215246186154011,0.000204701030904763,False,0.0007179529489406045
20330,2025-02-28 03:30:00,0.0009844708716681473,0.0003646914635961099,False,-0.007215246186154011
20331,2025-02-28 04:00:00,-0.013911950377638647,-0.0008197700486191106,False,0.0009844708716681473
20332,2025-02-28 04:30:00,0.006650963446722335,-0.002412157499930128,False,-0.013911950377638647
20333,2025-02-28 05:00:00,0.005269383489058377,6.507303923700947e-05,False,0.006650963446722335
20334,2025-02-28 05:30:00,0.004296250944609913,-0.0005467860044665443,False,0.005269383489058377
20335,2025-02-28 06:00:00,-0.0038924722936833924,0.0009279722698909541,True,0.004296250944609913
20336,2025-02-28 06:30:00,0.007805777928628147,3.627364926780861e-05,False,-0.0038924722936833924
20337,2025-02-28 07:00:00,-0.0009095112654575961,-0.00017323938581301118,False,0.007805777928628147
20338,2025-02-28 07:30:00,0.0012393180171723062,-0.0008610370285756961,True,-0.0009095112654575961
20339,2025-02-28 08:00:00,-0.002041087847105921,0.000840052003233781,True,0.0012393180171723062
20340,2025-02-28 08:30:00,-0.003242860021140248,0.001112091753970739,False,-0.002041087847105921
20341,2025-02-28 09:00:00,-0.012891644556299731,7.793922212608775e-05,False,-0.003242860021140248
20342,2025-02-28 09:30:00,-0.018035665333715985,0.0010679046899853667,False,-0.012891644556299731
20343,2025-02-28 10:00:00,0.0034447430726466492,0.001787809865633314,False,-0.018035665333715985
20344,2025-02-28 10:30:00,-0.014138939384999119,0.0008916179220999846,False,0.0034447430726466492
20345,2025-02-28 11:00:00,0.0011307034052853745,0.0020346516189742566,False,-0.014138939384999119
20346,2025-02-28 11:30:00,-0.006120322540426263,-0.002118217521989624,False,0.0011307034052853745
20347,2025-02-28 12:00:00,-0.0012634872954236222,0.0007191580136463606,False,-0.006120322540426263
20348,2025-02-28 12:30:00,0.0007320607612228621,0.0008186665162578925,False,-0.0012634872954236222
20349,2025-02-28 13:00:00,-0.007727819088802617,0.0019562927746428283,False,0.0007320607612228621
20350,2025-02-28 13:30:00,0.0019438978597231692,0.002341099831678431,False,-0.007727819088802617
20351,2025-02-28 14:00:00,-0.005811993121987449,0.0004119857810087973,False,0.0019438978597231692
20352,2025-02-28 14:30:00,-0.0017283286423893276,0.0002560095981133834,False,-0.005811993121987449
20353,2025-02-28 15:00:00,0.001996878344045244,-0.0003845128523911233,False,-0.0017283286423893276
20354,2025-02-28 15:30:00,-0.0038218948052724626,-0.00031604117366981223,False,0.001996878344045244
20355,2025-02-28 16:00:00,-0.004405739126327339,-0.0012935899961228135,False,-0.0038218948052724626
20356,2025-02-28 16:30:00,0.0018551610090265193,-0.0017372777448804923,False,-0.004405739126327339
20357,2025-02-28 17:00:00,0.01816625269996841,-0.001411492262615424,False,0.0018551610090265193
20358,2025-02-28 17:30:00,-0.0007310828294323979,-0.0029014200372736434,False,0.01816625269996841
20359,2025-02-28 18:00:00,-0.004918298551626939,0.0014156119920722785,True,-0.0007310828294323979
20360,2025-02-28 18:30:00,0.0010625725310373392,-0.0010265878179826966,False,-0.004918298551626939
20361,2025-02-28 19:00:00,0.00728724933393207,-0.00030074159466429945,False,0.0010625725310373392
20362,2025-02-28 19:30:00,-0.0010991142494917643,-0.0009740715093132842,False,0.00728724933393207
20363,2025-02-28 20:00:00,-0.004007766385949077,0.0005474828459727003,True,-0.0010991142494917643
20364,2025-02-28 20:30:00,0.007333818047277477,-0.0002851222066974398,False,-0.004007766385949077
20365,2025-02-28 21:00:00,-0.0006108776169532011,-0.002253355486995021,False,0.007333818047277477
20366,2025-02-28 21:30:00,0.009494499585832192,-0.0021596832772517336,True,-0.0006108776169532011
20367,2025-02-28 22:00:00,0.003885587663885604,-0.0016985771666114837,True,0.009494499585832192
20368,2025-02-28 22:30:00,0.0032561928881658926,-0.0012738499296060975,True,0.003885587663885604
20369,2025-02-28 23:00:00,0.027202884992408805,-0.0006268861197645515,True,0.0032561928881658926
20370,2025-02-28 23:30:00,-0.0035218547583804,0.004546518129066253,True,0.027202884992408805
