,Date,Actual,Predicted
3136,2025-01-01 00:00:00,-0.0031083858475023,-0.0003859667258513852
3137,2025-01-01 00:30:00,0.0002726188447775,0.0013845340539857284
3138,2025-01-01 01:00:00,-0.0020440840799917,0.0002183617674647227
3139,2025-01-01 01:30:00,0.0022957703205544,0.00027266270677238103
3140,2025-01-01 02:00:00,-0.0038231963283691,-0.00028710038852710224
3141,2025-01-01 02:30:00,0.0006496170678336,0.0010337824626710456
3142,2025-01-01 03:00:00,-0.0006321112515802,0.00010795728108048687
3143,2025-01-01 03:30:00,0.0019830076756072,0.00019112182703349303
3144,2025-01-01 04:00:00,0.0019108388923958,-0.0005582719892273506
3145,2025-01-01 04:30:00,-0.0019923371647508,0.00029807715911342876
3146,2025-01-02 22:30:00,0.0074392574392574,-0.00021234437911479647
3147,2025-01-02 23:00:00,-0.0046406070049454,0.00040856963217811456
3148,2025-01-02 23:30:00,-0.0001531393568147,0.00018946757339867982
3149,2025-01-03 00:00:00,-0.0002212351729888,0.0008449994986574715
3150,2025-01-03 00:30:00,0.0007319398107168,8.452522272391227e-05
3151,2025-01-03 01:00:00,-0.0061233862325866,0.0001109604711138212
3152,2025-01-03 01:30:00,-0.0025329020554156,0.0003764829359706708
3153,2025-01-03 02:00:00,-0.0011324056757546,-0.0005741273744593545
3154,2025-01-03 02:30:00,-0.0005153133964305,0.00046552811722745733
3155,2025-01-03 03:00:00,0.0021826181105744,0.00022334947062262742
3156,2025-01-03 03:30:00,-0.0014747744966903,0.0007879613856787629
3157,2025-01-03 04:00:00,0.0039585766298002,0.0004174781536788956
3158,2025-01-03 04:30:00,9.408383725198211e-05,-0.00013978970666201477
3159,2025-01-03 22:30:00,0.0059865900383141,0.0008525617557706305
3160,2025-01-03 23:00:00,-6.80110177848193e-05,-1.272055567568076e-05
3161,2025-01-03 23:30:00,0.0019724536643427,-0.00017070937855805858
3162,2025-01-04 00:00:00,0.0006771204561653,0.00014650122187779259
3163,2025-01-04 00:30:00,0.0013499327577465,0.00018597231130867558
3164,2025-01-04 01:00:00,-0.0004488064289403,0.00030676917321901143
3165,2025-01-04 01:30:00,0.0008048255646485,0.00016637658797630242
3166,2025-01-04 02:00:00,0.0014136608737609,-7.415003090353823e-05
3167,2025-01-04 02:30:00,-0.0004987320371935,3.8797147064522386e-05
3168,2025-01-04 03:00:00,0.0014800280782469,3.458894600093587e-05
3169,2025-01-04 03:30:00,-0.0002533441426835,0.0001255000076508257
3170,2025-01-04 04:00:00,-0.000217931174294,0.00011471348318698317
3171,2025-01-04 04:30:00,0.0002517738226194,0.00031381075516097507
3172,2025-01-06 22:30:00,0.0100920685868737,0.0013666459114694027
3173,2025-01-06 23:00:00,0.001649039008302,0.0010225850761501338
3174,2025-01-06 23:30:00,0.0001168789968443,0.0002994966741846886
3175,2025-01-07 00:00:00,0.0008547864703328,0.0002801263468273679
3176,2025-01-07 00:30:00,-0.0001034208963589,0.0003646958165860067
3177,2025-01-07 01:00:00,-0.0015014263550372,0.00046111666163440945
3178,2025-01-07 01:30:00,-0.0012864852221275,0.0002641372547647282
3179,2025-01-07 02:00:00,-0.0006541086723768,0.00045274632201973506
3180,2025-01-07 02:30:00,-0.0027353277454973,0.0004339602484509789
3181,2025-01-07 03:00:00,-0.0006462605017331,-0.0003429003355299127
3182,2025-01-07 03:30:00,-0.0017636684303352,4.379231173034772e-06
3183,2025-01-07 04:00:00,0.0013124684502777,-0.00020675335384796225
3184,2025-01-07 04:30:00,0.0004705249714323,0.0001636969273561566
3185,2025-01-07 22:30:00,0.0005374899220638,0.0027415520232479816
3186,2025-01-07 23:00:00,-0.0035925329035723,0.0001933926139265628
3187,2025-01-07 23:30:00,-0.0001516325774167,0.0002453105674054078
3188,2025-01-08 00:00:00,-0.0006908753896707,0.000506518463855511
3189,2025-01-08 00:30:00,-0.003928908673951,0.00012120800933890946
3190,2025-01-08 01:00:00,-0.0001185014643396,0.0013188320610365413
3191,2025-01-08 01:30:00,0.0004825274278747,0.0005359582028646397
3192,2025-01-08 02:00:00,0.0022422473241105,0.0002967118265412613
3193,2025-01-08 02:30:00,-0.0021528070915997,-7.060630135088237e-05
3194,2025-01-08 03:00:00,4.2302973899026626e-05,0.0004893730289833334
3195,2025-01-08 03:30:00,-0.0016159052453469,-5.597162507202888e-05
3196,2025-01-08 04:00:00,-0.0033472023320253,0.0004692907463111521
3197,2025-01-08 04:30:00,0.0010713010355909,0.0005931866297087962
3198,2025-01-08 22:30:00,-0.0024460676065908,0.0008868691197398278
3199,2025-01-08 23:00:00,-0.0014048292068249,0.0006818737840756593
3200,2025-01-08 23:30:00,0.0033337027974115,0.0002333851365425213
3201,2025-01-09 00:00:00,-0.0004758748449157,-0.00019118945223584732
3202,2025-01-09 00:30:00,0.0022937885769667,0.0006220717704501528
3203,2025-01-09 01:00:00,-0.0065297162313238,-0.00034737828084974366
3204,2025-01-09 01:30:00,0.0021686788135448,0.0025386195483777475
3205,2025-01-09 02:00:00,0.0037827153762268,0.0012689675958461066
3206,2025-01-09 02:30:00,-0.0021049057884909,-0.00024799093790237807
3207,2025-01-09 03:00:00,0.0038444527608614,0.0006299186492525769
3208,2025-01-09 03:30:00,-0.0025672744526536,-0.0005741845314090235
3209,2025-01-09 04:00:00,0.000840971449444,0.0012247306278413922
3210,2025-01-09 04:30:00,0.0006620268205737,-0.00022362789510174994
3211,2025-01-10 22:30:00,-0.0121121647525827,0.0007003661979192069
3212,2025-01-10 23:00:00,-0.0007761655361895,-0.0033508602752000704
3213,2025-01-10 23:30:00,-0.0010276715163139,0.00022431516721493176
3214,2025-01-11 00:00:00,-0.0026148288319284,-5.245054173903827e-05
3215,2025-01-11 00:30:00,-0.0012246024354064,0.0003356715100088487
3216,2025-01-11 01:00:00,0.0015369471739167,0.0002606894886275099
3217,2025-01-11 01:30:00,0.0026725981102144,0.00012596967550881804
3218,2025-01-11 02:00:00,0.0029234235008857,0.0004219087601728626
3219,2025-01-11 02:30:00,0.0021261638174928,0.0006197733161810787
3220,2025-01-11 03:00:00,-0.0031482590469672,0.0008359369587929531
3221,2025-01-11 03:30:00,-0.0010126842999605,0.000576779669683198
3222,2025-01-11 04:00:00,-0.003127040307893,-0.0004435824843790322
3223,2025-01-11 04:30:00,0.0004998276456393,0.0008136884030583364
3224,2025-01-13 22:30:00,-0.0046167892642423,-0.001050008283524093
3225,2025-01-13 23:00:00,-0.0030027171561584,-0.0005833159368245469
3226,2025-01-13 23:30:00,0.003532526146769,0.001337311396228565
3227,2025-01-14 00:00:00,-0.0020082683226376,-0.0003322926396849319
3228,2025-01-14 00:30:00,-0.0015755292062209,0.0017941240357162622
3229,2025-01-14 01:00:00,0.0036889799319491,0.00011216803599180756
3230,2025-01-14 01:30:00,0.0020495879204034,0.00030754651095081374
3231,2025-01-14 02:00:00,0.0005696038664018,-0.0005517794063300504
3232,2025-01-14 02:30:00,0.0005175269113995,-0.00017454568990709428
3233,2025-01-14 03:00:00,0.0003448394772232,-0.0002978619990896005
3234,2025-01-14 03:30:00,0.000258540452963,-0.00017571050420874267
3235,2025-01-14 04:00:00,-0.0004135578033188,-0.00018299019063846154
3236,2025-01-14 04:30:00,0.0022410315640675,7.522702576079961e-05
3237,2025-01-14 22:30:00,0.0016856155076627,0.0006370614320897679
3238,2025-01-14 23:00:00,0.001425210776654,-0.00031014739830121616
3239,2025-01-14 23:30:00,-0.0022633744855967,-0.0007159709584453992
3240,2025-01-15 00:00:00,-0.0017701244242798,-0.00016073945630552006
3241,2025-01-15 00:30:00,-0.0036498235344753,-0.0003220102659766803
3242,2025-01-15 01:00:00,0.0016760838387504,0.00021649452141031083
3243,2025-01-15 01:30:00,0.0008625150940141,-5.5241668332173934e-05
3244,2025-01-15 02:00:00,0.0029989658738366,2.300282603005368e-05
3245,2025-01-15 02:30:00,0.0026635048286764,-0.00027283489579817024
3246,2025-01-15 03:00:00,-0.000702668426194,-2.613811285769755e-05
3247,2025-01-15 03:30:00,-0.0042875763188584,0.00032709409385484793
3248,2025-01-15 04:00:00,0.0,-0.0006670942651857928
3249,2025-01-15 04:30:00,0.0025836232732784,0.000609302182574206
3250,2025-01-15 22:30:00,0.0168877130291367,0.0003740539644629352
3251,2025-01-15 23:00:00,0.0007095673328716,0.0015331717516146985
3252,2025-01-15 23:30:00,-0.0018401904343862,0.0002473972967338726
3253,2025-01-16 00:00:00,-0.000432988295785,-0.00038462682766957323
3254,2025-01-16 00:30:00,-0.0016142569003561,1.780296873051472e-05
3255,2025-01-16 01:00:00,0.0018304154026067,-0.00015535210220560096
3256,2025-01-16 01:30:00,-0.0001522559252931,0.000442648410476471
3257,2025-01-16 02:00:00,0.0021149876484721,0.0004703791013419947
3258,2025-01-16 02:30:00,0.000438988974623,0.00021742481004488514
3259,2025-01-16 03:00:00,0.0009957301739996,0.0005162892322405379
3260,2025-01-16 03:30:00,0.0005057998381439,0.00021480616022133086
3261,2025-01-16 04:00:00,0.0003370294226686,1.5776012896754935e-05
3262,2025-01-16 04:30:00,-0.0014150466628483,6.538973367541459e-05
3263,2025-01-16 22:30:00,-0.0011471372178547,0.0012454624141574353
3264,2025-01-16 23:00:00,0.0002871136632324,-0.0004452493915010218
3265,2025-01-16 23:30:00,0.0019247978118087,-0.0004072860390801474
3266,2025-01-17 00:00:00,-8.425877555139706e-05,-7.314298677815188e-05
3267,2025-01-17 00:30:00,0.0001348254011056,0.0005366134332183346
3268,2025-01-17 01:00:00,0.0005729307090858,-0.0002583662557395919
3269,2025-01-17 01:30:00,-0.0013978241099395,2.6209790876664972e-05
3270,2025-01-17 02:00:00,-0.0012311324732271,-0.00023729979624781506
3271,2025-01-17 02:30:00,-0.0015365911316741,-0.0005915067640909248
3272,2025-01-17 03:00:00,0.0020040249615262,0.00020326084184599285
3273,2025-01-17 03:30:00,0.0006497945130338,0.0001806756121710899
3274,2025-01-17 04:00:00,-0.0010120091755498,0.0001344551156360762
3275,2025-01-17 04:30:00,-0.0010805700006753,-0.00017411532219149378
3276,2025-01-17 22:30:00,0.0080116286931242,-0.0002117914346505547
3277,2025-01-17 23:00:00,0.0010899091183473,8.643135882959246e-05
3278,2025-01-17 23:30:00,0.0018374286049276,-0.0008458699668962806
3279,2025-01-18 00:00:00,0.0010750225286603,0.0003411705373406092
3280,2025-01-18 00:30:00,-0.0008767974347411,0.0005532278780158557
3281,2025-01-18 01:00:00,0.0012302651923542,0.0001700432473746515
3282,2025-01-18 01:30:00,-0.000151924685424,0.00015762275767943726
3283,2025-01-18 02:00:00,0.000217068242916,-2.2304496511184606e-06
3284,2025-01-18 02:30:00,-0.0007829454776133,-0.00012640778629544676
3285,2025-01-18 03:00:00,-0.0001186198001507,-0.00011516563276701423
3286,2025-01-18 03:30:00,-0.0005179788798289,-3.740937510310389e-05
3287,2025-01-18 04:00:00,-3.343531103195047e-05,0.00015059423368233776
3288,2025-01-18 04:30:00,-0.0011034021566496,-0.00021917018386617956
3289,2025-01-21 22:30:00,0.0049038477631423,-0.00035434592455574023
3290,2025-01-21 23:00:00,-0.0002664801305752,0.00022873564302129502
3291,2025-01-21 23:30:00,8.329723786351668e-05,-0.0003196309519222318
3292,2025-01-22 00:00:00,0.0007662707601073,-0.00027574110687144434
3293,2025-01-22 00:30:00,0.0009654277011169,-3.94229064214465e-05
3294,2025-01-22 01:00:00,0.0003824727696017,0.00023047296103953196
3295,2025-01-22 01:30:00,0.0013880115695334,-0.00026612682505985414
3296,2025-01-22 02:00:00,0.0003236971190957,8.257886631208082e-05
3297,2025-01-22 02:30:00,1.659448067571216e-05,4.641479418160617e-05
3298,2025-01-22 03:00:00,-0.0003816667219807,-2.0971080738808884e-05
3299,2025-01-22 03:30:00,-0.0004648151529739,-0.00020125308291487224
3300,2025-01-22 04:00:00,0.0010047997874142,6.043953136589792e-05
3301,2025-01-22 04:30:00,0.000555818255726,-6.301999886332793e-05
3302,2025-01-22 22:30:00,0.0058054887654424,0.002412645388388183
3303,2025-01-22 23:00:00,0.000267083889071,0.0004303333908780388
3304,2025-01-22 23:30:00,-0.0002356962847341,-0.0003527972044107081
3305,2025-01-23 00:00:00,0.0010880854641673,0.00015430126842734144
3306,2025-01-23 00:30:00,0.0006587289824283,0.0003163036663369278
3307,2025-01-23 01:00:00,-0.0001316590688413,4.145327502085763e-05
3308,2025-01-23 01:30:00,-0.0003950292157024,-0.00013576065800143024
3309,2025-01-23 02:00:00,-0.0003293211045428,-0.0003600089474967118
3310,2025-01-23 02:30:00,-0.0001004760257614,-6.924390256515167e-05
3311,2025-01-23 03:00:00,-0.0001960303039788,-2.5866555050519817e-05
3312,2025-01-23 03:30:00,0.0010627255202413,-2.5842294916527998e-05
3313,2025-01-23 04:00:00,-0.0007488787392503,-1.0561492068901804e-05
3314,2025-01-23 04:30:00,-0.0012023982079325,0.00011796932735665287
3315,2025-01-23 22:30:00,-0.0002473655568198,0.0010448993126215749
3316,2025-01-23 23:00:00,-0.000841250989707,-5.859007009316415e-05
3317,2025-01-23 23:30:00,0.0019645716738479,1.2160153431107175e-05
3318,2025-01-24 00:00:00,0.0009391682594082,5.803547537473681e-06
3319,2025-01-24 00:30:00,-0.0004065910549967,-0.000188383067179687
3320,2025-01-24 01:00:00,-0.0001202154656374,-0.00023247812331917295
3321,2025-01-24 01:30:00,0.0008399624487375,-0.00010526815279159735
3322,2025-01-24 02:00:00,0.0005430489731438,3.167644456236407e-05
3323,2025-01-24 02:30:00,-0.0004769658393775,-0.00023867245666819493
3324,2025-01-24 03:00:00,-6.58197854276267e-05,3.75683228521042e-05
3325,2025-01-24 03:30:00,0.0001481042654028,7.131570628036422e-05
3326,2025-01-24 04:00:00,0.0003948862234068,-0.00015376442905125457
3327,2025-01-24 04:30:00,0.0028617950362658,0.0001386140821303246
3328,2025-01-24 22:30:00,0.0010332103321033,0.002293720095575663
3329,2025-01-24 23:00:00,-0.0016956649955764,0.0001690693208998392
3330,2025-01-24 23:30:00,-0.000308528009584,3.054347660554606e-05
3331,2025-01-25 00:00:00,0.0012033022685448,0.00014496011875293462
3332,2025-01-25 00:30:00,-0.0006230631753266,-0.00043143103858762157
3333,2025-01-25 01:00:00,-0.0001312529737002,-3.5632565876319355e-05
3334,2025-01-25 01:30:00,-0.0012355807886056,8.614264207489487e-05
3335,2025-01-25 02:00:00,-0.0003565109245133,-1.5401135486073167e-05
3336,2025-01-25 02:30:00,-0.001742103014167,-1.3903109951887592e-05
3337,2025-01-25 03:00:00,4.1159038524822625e-05,-0.00020563969613433721
3338,2025-01-25 03:30:00,-7.408322015056851e-05,9.500366505892751e-05
3339,2025-01-25 04:00:00,-0.0003622114656393,-0.0003061884218341113
3340,2025-01-25 04:30:00,0.0013340799789183,-0.00018702682184810763
3341,2025-01-27 22:30:00,-0.0154119446683224,0.00016108187900903847
3342,2025-01-27 23:00:00,0.0005679919812897,-0.001417784803970921
3343,2025-01-27 23:30:00,-0.0014191738738438,0.000455824990362846
3344,2025-01-28 00:00:00,-0.0027337022856091,-6.298368187485694e-05
3345,2025-01-28 00:30:00,0.0006790118282183,5.5349308612643465e-05
3346,2025-01-28 01:00:00,0.0013319706463826,0.0005202755626047649
3347,2025-01-28 01:30:00,-0.0023675866511615,0.0005777926496282917
3348,2025-01-28 02:00:00,-0.0002180330068428,0.00034403573549380705
3349,2025-01-28 02:30:00,0.0009058730771165,0.00034045359756123867
3350,2025-01-28 03:00:00,0.0038632364032515,9.475068856727e-05
3351,2025-01-28 03:30:00,-0.00328071391006,8.708258422466675e-05
3352,2025-01-28 04:00:00,0.0011055461565519,0.0007862521521563212
3353,2025-01-28 04:30:00,0.0028779385928219,-0.0005199441932014348
3354,2025-01-28 22:30:00,-0.0007674725128051,0.00042783019249718684
3355,2025-01-28 23:00:00,0.005994222838156,0.0005577305690477247
3356,2025-01-28 23:30:00,0.0010124481327801,-0.0005795039610987336
3357,2025-01-29 00:00:00,-0.0028021422294441,0.00027861586566825747
3358,2025-01-29 00:30:00,0.0018356556150444,0.0003146448309023819
3359,2025-01-29 01:00:00,0.0020513705678113,6.94234833827934e-05
3360,2025-01-29 01:30:00,0.0001490658539817,0.0005308655046092429
3361,2025-01-29 02:00:00,0.0005961745466589,0.0001518994911670209
3362,2025-01-29 02:30:00,-0.000695122556727,-9.895276704615921e-05
3363,2025-01-29 03:00:00,0.0004140512429818,-0.00017711584321895203
3364,2025-01-29 03:30:00,0.0018210714522217,-0.0001846488030292271
3365,2025-01-29 04:00:00,-0.0002644016260699,-7.219788613841571e-05
3366,2025-01-29 04:30:00,-0.0009091209626765,0.0001233847768146562
3367,2025-01-29 22:30:00,-0.0017868074053239,0.002693981664545213
3368,2025-01-29 23:00:00,-0.0005635203447419,-0.0001750478173626045
3369,2025-01-29 23:30:00,-0.0002819190394851,2.063977086633428e-05
3370,2025-01-30 00:00:00,-0.0006303496781898,-0.00031443963392591536
3371,2025-01-30 00:30:00,-0.0002738771038742,4.861554941298077e-05
3372,2025-01-30 01:00:00,0.0012618401281763,-0.00026810297946167674
3373,2025-01-30 01:30:00,-0.0015836034855857,6.335511718350302e-06
3374,2025-01-30 02:00:00,0.0004069091513037,8.775871214237687e-05
3375,2025-01-30 02:30:00,-0.0023657538453877,-0.00013401720526541223
3376,2025-01-30 03:00:00,-0.0027457897889901,-0.0001203479127344546
3377,2025-01-30 03:30:00,0.0051228995277588,0.0003138511226582767
3378,2025-01-30 04:00:00,0.002091841816914,0.0004525374245278353
3379,2025-01-30 04:30:00,-0.0029655400927768,0.00010956506960539966
3380,2025-01-30 22:30:00,0.005134510892142,0.00026297488579554246
3381,2025-01-30 23:00:00,-0.00373615473632,-4.842529521816815e-05
3382,2025-01-30 23:30:00,-0.0020410195141378,0.000436832252136181
3383,2025-01-31 00:00:00,0.0025273939575331,0.00038922591407612793
3384,2025-01-31 00:30:00,0.0017962284178927,0.0001398100066070659
3385,2025-01-31 01:00:00,-0.0026870282593256,7.048702631629134e-05
3386,2025-01-31 01:30:00,0.0014774481648101,0.0006796987174169034
3387,2025-01-31 02:00:00,0.0012597798700437,-0.0006475767930758332
3388,2025-01-31 02:30:00,0.0014899675518179,-0.0005481508616136835
3389,2025-01-31 03:00:00,8.265282507348584e-06,-7.061355396373979e-05
3390,2025-01-31 03:30:00,0.0011868847581184,0.0002813141619460884
3391,2025-01-31 04:00:00,0.0008536100108475,-0.00015488653408205576
3392,2025-01-31 04:30:00,-0.0018806295159853,0.0002769281868716536
3393,2025-01-31 22:30:00,0.005040989025519,-0.0009946059357672028
3394,2025-01-31 23:00:00,0.0014964890065614,0.0008902860334510385
3395,2025-01-31 23:30:00,0.0008210180623973,0.00030479719239766295
3396,2025-02-01 00:00:00,-0.0005906480721903,0.0003946254411624469
3397,2025-02-01 00:30:00,-0.0003611649210362,2.495589698846765e-05
3398,2025-02-01 01:00:00,0.0010428299283978,-0.0001091703284112845
3399,2025-02-01 01:30:00,-0.0007300407674449,0.0001750894833785865
3400,2025-02-01 02:00:00,-0.0039401750094399,0.00023548091538725242
3401,2025-02-01 02:30:00,-0.0021839099404988,-1.7213532672657383e-05
3402,2025-02-01 03:00:00,-0.0014123243886122,0.0005326615193465033
3403,2025-02-01 03:30:00,-0.0018361371644087,0.0003730849154127486
3404,2025-02-01 04:00:00,-0.0025935500977759,0.000288326675049973
3405,2025-02-01 04:30:00,-5.8153541966035286e-05,0.00023404222972721837
3406,2025-02-03 22:30:00,-0.0169485892791865,-0.0008132474781506352
3407,2025-02-03 23:00:00,0.0080457050133531,-0.0007641471569965939
3408,2025-02-03 23:30:00,0.0023357590797813,0.00023570288765155256
3409,2025-02-04 00:00:00,0.0001455401966967,0.0010999729547743163
3410,2025-02-04 00:30:00,-0.0008195898705382,0.00044810599671659345
3411,2025-02-04 01:00:00,-8.370021929449843e-06,-0.00019279064933774265
3412,2025-02-04 01:30:00,-7.533082788572995e-05,0.00021621004146211653
3413,2025-02-04 02:00:00,0.0010379695975356,3.25461426238157e-06
3414,2025-02-04 02:30:00,0.0014382713984679,0.0003396971218882385
3415,2025-02-04 03:00:00,0.0012107548430194,0.00014967099512346488
3416,2025-02-04 03:30:00,0.0003836370459947,0.0003027172233906843
3417,2025-02-04 04:00:00,-0.0019091128877624,-0.00013891290623669995
3418,2025-02-04 04:30:00,-0.0014032508645028,-0.0003164877606936304
3419,2025-02-04 22:30:00,0.0022583936965722,-0.0011929348481632695
3420,2025-02-04 23:00:00,0.0023367605821871,0.00034380247433590246
3421,2025-02-04 23:30:00,-0.0001831745820289,0.0004474065967941558
3422,2025-02-05 00:00:00,0.0026148798321148,0.0001769811466631909
3423,2025-02-05 00:30:00,-0.0009468753114722,-3.646429038253426e-05
3424,2025-02-05 01:00:00,-0.002677042283966,-1.3879847178244955e-06
3425,2025-02-05 01:30:00,0.0019339779926643,0.00020263280619234764
3426,2025-02-05 02:00:00,0.0002496006389775,-2.6735784586408857e-05
3427,2025-02-05 02:30:00,-0.0006820715010563,-0.00012531215635270786
3428,2025-02-05 03:00:00,0.0019793574163475,-0.00016832770673318208
3429,2025-02-05 03:30:00,-0.0006130698517501,1.3124591289587261e-05
3430,2025-02-05 04:00:00,-0.0009143503125414,-0.0002935333916047419
3431,2025-02-05 04:30:00,0.0011481438341347,-9.811356728420579e-05
3432,2025-02-05 22:30:00,-0.0016786889605424,0.0021829670798479404
3433,2025-02-05 23:00:00,-0.0001681511695663,-0.00030457143253279166
3434,2025-02-05 23:30:00,0.0001015737267067,-0.0002860829197140716
3435,2025-02-06 00:00:00,0.0010822330630525,-3.619135901595701e-05
3436,2025-02-06 00:30:00,0.0023118118617569,7.699464216068214e-06
3437,2025-02-06 01:00:00,-0.0002240106197626,8.269778938471678e-05
3438,2025-02-06 01:30:00,0.000273852103267,0.00019775566558846063
3439,2025-02-06 02:00:00,-0.0001991106391451,-4.49547778332212e-05
3440,2025-02-06 02:30:00,0.0005974508762613,-0.00010219640697872441
3441,2025-02-06 03:00:00,0.0006136800902275,-8.336607957828228e-06
3442,2025-02-06 03:30:00,-0.000372954963616,-4.081772061004076e-05
3443,2025-02-06 04:00:00,0.0011192823327501,-0.00011224808949880707
3444,2025-02-06 04:30:00,0.0008281710670156,-2.203558402595352e-05
3445,2025-02-06 22:30:00,0.0016218721037998,0.00023938769481069352
3446,2025-02-06 23:00:00,-0.0004295958494431,-3.6018874537729235e-05
3447,2025-02-06 23:30:00,-0.0005372256016927,0.00011802052173237642
3448,2025-02-07 00:00:00,0.001513309682701,-0.00020695136086090271
3449,2025-02-07 00:30:00,-0.0006522995623812,1.2753796219591193e-05
3450,2025-02-07 01:00:00,-2.4787038031556144e-05,7.784918036911199e-05
3451,2025-02-07 01:30:00,0.00079320487821,-0.00021053797102836176
3452,2025-02-07 02:00:00,-4.9536012681174193e-05,1.4265567097352042e-05
3453,2025-02-07 02:30:00,-0.0008091282881157,0.00016750888162257247
3454,2025-02-07 03:00:00,-0.000892414476946,7.116200658378452e-05
3455,2025-02-07 03:30:00,-0.0014059812094745,-0.00017600269615103387
3456,2025-02-07 04:00:00,0.0017806562753638,-0.0003287472548302758
3457,2025-02-07 04:30:00,0.0025380920492407,0.0004159703819351347
3458,2025-02-07 22:30:00,0.0003463517614459,0.0023489732756135674
3459,2025-02-07 23:00:00,-0.0035777290488515,-0.0003855607156643243
3460,2025-02-07 23:30:00,-0.0014891786352504,0.0007012763690573051
3461,2025-02-08 00:00:00,-0.0022702416067345,0.00021803640659975862
3462,2025-02-08 00:30:00,-0.0012954873856069,0.00030606519125576703
3463,2025-02-08 01:00:00,0.0005986928539355,0.0004151794119939453
3464,2025-02-08 01:30:00,0.0008310203267571,4.129357996014879e-05
3465,2025-02-08 02:00:00,0.0018765464901937,-0.0002386317135837616
3466,2025-02-08 02:30:00,-0.0034974307972814,-0.00020327609132817558
3467,2025-02-08 03:00:00,-0.0010479216221163,0.001311121574282227
3468,2025-02-08 03:30:00,0.0007992540295724,0.0001858373720648192
3469,2025-02-08 04:00:00,-0.0008901237854385,-5.170206642979366e-05
3470,2025-02-08 04:30:00,0.000607821750027,-0.0003503561753838439
3471,2025-02-10 22:30:00,0.0044102717725963,-0.0006239279306125244
3472,2025-02-10 23:00:00,0.002120890774125,-0.000672905471029429
3473,2025-02-10 23:30:00,0.0001818783068783,-0.0003975098655573009
3474,2025-02-11 00:00:00,-0.0009753517052122,-0.00017216111841898593
3475,2025-02-11 00:30:00,0.0001241064336774,-1.3639704054254514e-06
3476,2025-02-11 01:00:00,-0.0012326375962739,-0.0001045961324509169
3477,2025-02-11 01:30:00,0.0015323449018472,-0.0001625180517818541
3478,2025-02-11 02:00:00,0.0001736757226149,-0.00021093335021285086
3479,2025-02-11 02:30:00,0.0005953562214725,0.00035939715476716394
3480,2025-02-11 03:00:00,0.0002313896601877,8.809542752853744e-05
3481,2025-02-11 03:30:00,-0.0004131002346409,3.3201026619636585e-05
3482,2025-02-11 04:00:00,-6.612335311517634e-05,-0.00019436429947729811
3483,2025-02-11 04:30:00,-6.612772570213365e-05,-0.00030839942240890565
3484,2025-02-11 22:30:00,-0.002389022071588,-0.0017470341755955886
3485,2025-02-11 23:00:00,0.0012015147371997,-7.640781386520033e-05
3486,2025-02-11 23:30:00,0.0011173091884196,0.00042506275355389884
3487,2025-02-12 00:00:00,-0.0002893494597431,0.0001734429491935412
3488,2025-02-12 00:30:00,-0.0007773348990292,4.8551752188428897e-05
3489,2025-02-12 01:00:00,0.000297934322034,2.6343532131917372e-05
3490,2025-02-12 01:30:00,-0.0010176390773405,-0.00015629402949405788
3491,2025-02-12 02:00:00,0.0004389415710795,-0.00014481068419844466
3492,2025-02-12 02:30:00,0.0009106111028327,-0.00047560571071195515
3493,2025-02-12 03:00:00,0.0002812055447118,-0.00017521906174283966
3494,2025-02-12 03:30:00,0.0012071902234129,-8.99092115047885e-05
3495,2025-02-12 04:00:00,-0.0002560121564483,0.00019383836828331457
3496,2025-02-12 04:30:00,4.130285733163264e-05,-4.8967625021034895e-05
3497,2025-02-12 22:30:00,-0.0066081842361765,-0.0014898221322290877
3498,2025-02-12 23:00:00,0.0002494553558066,-0.0009359123094854233
3499,2025-02-12 23:30:00,0.001496358860107,6.205163811415388e-05
3500,2025-02-13 00:00:00,-0.0029052393917258,-0.0003584105548297762
3501,2025-02-13 00:30:00,0.004611977822547,0.0008412171936794096
3502,2025-02-13 01:00:00,0.0005634923265604,-0.00041147133070301657
3503,2025-02-13 01:30:00,0.0011097859935068,-0.0004088339681205087
3504,2025-02-13 02:00:00,-0.0013567398534058,5.29243352093097e-05
3505,2025-02-13 02:30:00,-0.0005798830293089,-0.00013386588904996613
3506,2025-02-13 03:00:00,-0.0002652431948544,-1.8060464349446484e-05
3507,2025-02-13 03:30:00,0.0014592246210992,-9.214630695024827e-05
3508,2025-02-13 04:00:00,-0.0010597079180052,2.3983045448206156e-05
3509,2025-02-13 04:30:00,9.945300845360371e-05,0.00028598903353977545
3510,2025-02-13 22:30:00,0.002585521081941,0.000576725977348479
3511,2025-02-13 23:00:00,0.001967202274681,0.0002842295147789785
3512,2025-02-13 23:30:00,0.0016663641913183,-0.00010201316685972448
3513,2025-02-14 00:00:00,-0.0006753195414415,0.00018140732908969575
3514,2025-02-14 00:30:00,-0.0011043167246296,-0.00011892884199367229
3515,2025-02-14 01:00:00,0.0008250280509537,0.0002074229866831545
3516,2025-02-14 01:30:00,-0.0006100174761763,-8.00742549293812e-05
3517,2025-02-14 02:00:00,8.248511143749808e-05,9.50429940754212e-05
3518,2025-02-14 02:30:00,0.0014516182244069,0.00015746610054690426
3519,2025-02-14 03:00:00,0.0019436666117607,-1.6279240225228542e-05
3520,2025-02-14 03:30:00,0.000920628657855,0.0005941689125409825
3521,2025-02-14 04:00:00,0.000903357203863,0.00012229216174582672
3522,2025-02-14 04:30:00,0.0005579349841645,0.0002524626069774366
3523,2025-02-14 22:30:00,0.0012136519443032,0.001402573473005749
3524,2025-02-14 23:00:00,-0.0003767588906908,-8.965618527873896e-05
3525,2025-02-14 23:30:00,0.0005243838489773,6.244722737495412e-05
3526,2025-02-15 00:00:00,-0.000884433962264,0.0003121898771393525
3527,2025-02-15 00:30:00,0.0002868758401365,8.097402828636502e-05
3528,2025-02-15 01:00:00,-0.0013438327092159,-7.423818348797071e-05
3529,2025-02-15 01:30:00,0.0009271794871795,-4.186021234714943e-05
3530,2025-02-15 02:00:00,-6.558022100547152e-05,-0.0003779182947954682
3531,2025-02-15 02:30:00,0.0009345794392524,7.969925163646475e-05
3532,2025-02-15 03:00:00,-0.0005405671040346,-1.987785439608566e-05
3533,2025-02-15 03:30:00,4.916904317037518e-05,-5.917866811010874e-05
3534,2025-02-15 04:00:00,-0.0008522215120375,-4.8581476939822605e-05
3535,2025-02-15 04:30:00,8.201427048317594e-05,-3.927317815585533e-05
3536,2025-02-18 22:30:00,0.0007462686567162,-0.0016049614992754014
3537,2025-02-18 23:00:00,-0.0009341888536518,8.388674324501583e-05
3538,2025-02-18 23:30:00,0.001583044202203,-0.00021502376892347196
3539,2025-02-19 00:00:00,-0.0002309393170091,0.00011716637202179784
3540,2025-02-19 00:30:00,-0.0003423933788655,-0.00011512565996660576
3541,2025-02-19 01:00:00,-0.0002294329727959,4.014622454699281e-05
3542,2025-02-19 01:30:00,0.0004589712487297,-0.00012925866420617388
3543,2025-02-19 02:00:00,-0.0007700625880657,-9.402935355458282e-05
3544,2025-02-19 02:30:00,-0.0003443356780953,0.00010935676512290386
3545,2025-02-19 03:00:00,-0.0007233540005903,5.873498507665691e-05
3546,2025-02-19 03:30:00,0.0011178246246422,3.7393444294103873e-05
3547,2025-02-19 04:00:00,-0.0002098704705688,0.00021866129318284222
3548,2025-02-19 04:30:00,0.0027518482317981,-6.522673044286292e-05
3549,2025-02-19 22:30:00,-0.0024858941859515,0.0001640224942827892
3550,2025-02-19 23:00:00,0.0002131392126965,0.0005023093819697616
3551,2025-02-19 23:30:00,0.0001311346424942,-0.00011286496239831
3552,2025-02-20 00:00:00,0.0016225784246238,-3.844368804048674e-05
3553,2025-02-20 00:30:00,0.0009326984438663,5.3743444968441925e-05
3554,2025-02-20 01:00:00,-0.001049534085336,0.00020979782916211414
3555,2025-02-20 01:30:00,0.0008542560607995,-0.00014303353971943742
3556,2025-02-20 02:00:00,0.0002289152686483,-0.000179592241533882
3557,2025-02-20 02:30:00,-0.0002860785980515,-0.0001702855001827802
3558,2025-02-20 03:00:00,0.0020358272898969,-9.633132502940089e-05
3559,2025-02-20 03:30:00,0.000473245320583,-0.00010581128119848233
3560,2025-02-20 04:00:00,-0.0014843087362172,-0.00013534589232388927
3561,2025-02-20 04:30:00,0.0009637845696457,0.00026255284170290945
3562,2025-02-20 22:30:00,-0.0071235067563157,-0.00011725236097550705
3563,2025-02-20 23:00:00,0.0010420861446922,-0.001076279899009843
3564,2025-02-20 23:30:00,-0.0025598124227253,0.00038963778338778836
3565,2025-02-21 00:00:00,0.0013169374619322,0.0007749581184127648
3566,2025-02-21 00:30:00,-0.0014467259605109,4.594837564096087e-06
3567,2025-02-21 01:00:00,0.0022884802186403,0.000616686323609039
3568,2025-02-21 01:30:00,-0.0013633825027102,-0.00038584869107100586
3569,2025-02-21 02:00:00,-3.9476930668642005e-05,-4.9589510426021134e-05
3570,2025-02-21 02:30:00,0.0010412451515479,-0.00037340036759720075
3571,2025-02-21 03:00:00,0.0010368756357232,-0.00031903226650019
3572,2025-02-21 03:30:00,0.0011162363137936,-0.0005381994552975469
3573,2025-02-21 04:00:00,-3.279387410428749e-05,-1.2404388314787008e-05
3574,2025-02-21 04:30:00,0.0009674510125441,-2.7637786447683015e-05
3575,2025-02-21 22:30:00,-0.0046523818884739,-0.0008913222996542353
3576,2025-02-21 23:00:00,-0.0014812376563528,-0.00027238805743708567
3577,2025-02-21 23:30:00,0.0003626174386021,-6.800394576442693e-05
3578,2025-02-22 00:00:00,-1.6476636129952722e-05,-0.0003494176883883328
3579,2025-02-22 00:30:00,-0.0001977228913677,-0.0001655674720008281
3580,2025-02-22 01:00:00,-0.0017056971934276,-9.697769075352189e-05
3581,2025-02-22 01:30:00,-0.0031778524320888,0.00031061224868438584
3582,2025-02-22 02:00:00,-0.0027325571766889,0.0010603288050339023
3583,2025-02-22 02:30:00,-0.000697465873991,-0.00016892744284262697
3584,2025-02-22 03:00:00,-0.0032072587077903,-0.001104846915054216
3585,2025-02-22 03:30:00,0.0002000566827267,-0.0005735361008390596
3586,2025-02-22 04:00:00,0.0013167763980331,6.12551952364257e-05
3587,2025-02-22 04:30:00,-0.0013982754602657,7.601924145541952e-05
3588,2025-02-24 22:30:00,-0.001966994499083,0.0007729301098437606
3589,2025-02-24 23:00:00,-0.0012025654730091,0.00047734959270296756
3590,2025-02-24 23:30:00,-0.0005183946488293,0.0003856462871186197
3591,2025-02-25 00:00:00,0.0040823838444677,1.3447112483835194e-05
3592,2025-02-25 00:30:00,-0.0002499458450668,0.0009779043284836122
3593,2025-02-25 01:00:00,0.0017500583352777,0.0005683478387869509
3594,2025-02-25 01:30:00,-0.0007071194449527,-0.0004724347540129358
3595,2025-02-25 02:00:00,0.0013403151821912,0.0006231591537666585
3596,2025-02-25 02:30:00,-0.0013385211419829,-0.00021164335481799144
3597,2025-02-25 03:00:00,-0.0008907684751208,0.0001775738184247155
3598,2025-02-25 03:30:00,-0.00034995917143,1.4947943348832593e-05
3599,2025-02-25 04:00:00,-0.0012336211782749,4.3795084457603485e-05
3600,2025-02-25 04:30:00,-0.0032213913740151,-0.000336323964700118
3601,2025-02-25 22:30:00,-0.0033992531690083,-0.00115583708284619
3602,2025-02-25 23:00:00,-0.0068216950063847,6.403367967490302e-05
3603,2025-02-25 23:30:00,0.0020148874978853,-0.0005379980996426672
3604,2025-02-26 00:00:00,-0.0024160421144336,0.00027297619151127626
3605,2025-02-26 00:30:00,0.0036556883187218,-0.00014795974332088835
3606,2025-02-26 01:00:00,0.0009949074230211,0.0005114640045896381
3607,2025-02-26 01:30:00,0.0020046832095145,0.0002975545997522425
3608,2025-02-26 02:00:00,-0.0018325487558841,0.00017715986153136464
3609,2025-02-26 02:30:00,0.0015158915969075,0.000855275322833479
3610,2025-02-26 03:00:00,-0.0026572038815358,7.915454891324066e-05
3611,2025-02-26 03:30:00,0.0035242736455154,0.0011262896170276856
3612,2025-02-26 04:00:00,0.0014114800376395,-2.5568888327288312e-05
3613,2025-02-26 04:30:00,-0.0027350828914692,-7.579905692761201e-05
3614,2025-02-26 22:30:00,0.0060235895882757,0.0006338257731390571
3615,2025-02-26 23:00:00,0.0001170744760918,2.1456195179165194e-05
3616,2025-02-26 23:30:00,0.0017057426669787,-0.000742356501573261
3617,2025-02-27 00:00:00,-0.0005175292153588,0.00021237781218613028
3618,2025-02-27 00:30:00,-0.0010339240675475,2.9774033895650775e-05
3619,2025-02-27 01:00:00,0.0009681124816283,0.0003543445094021916
3620,2025-02-27 01:30:00,-0.0052451348868286,1.2812065954438925e-06
3621,2025-02-27 02:00:00,-0.0028714883041427,-0.00040272405252864173
3622,2025-02-27 02:30:00,-0.0021387672617042,0.0009014914974881509
3623,2025-02-27 03:00:00,0.001333265826203,-0.0004213710536689184
3624,2025-02-27 03:30:00,-0.0008595698779749,-0.0006247226488011886
3625,2025-02-27 04:00:00,0.001180816787841,0.0006550431079495237
3626,2025-02-27 04:30:00,0.0017691361560882,0.00018372801162077075
3627,2025-02-27 22:30:00,-0.0041375134553281,0.0003081356229266484
3628,2025-02-27 23:00:00,0.005590271913528,0.0011602788321215213
3629,2025-02-27 23:30:00,-0.0033422347626005,-0.0006828981677218057
3630,2025-02-28 00:00:00,0.0012470088638738,0.0009817201524685343
3631,2025-02-28 00:30:00,-0.0028443516897804,0.00012058642609810271
3632,2025-02-28 01:00:00,0.0025824092359106,0.00030247555097269517
3633,2025-02-28 01:30:00,-0.000976430976431,0.0003548307066290414
3634,2025-02-28 02:00:00,0.0019716221226114,-1.5157703662085353e-05
3635,2025-02-28 02:30:00,-0.0013454649422292,0.0003017896317772707
3636,2025-02-28 03:00:00,-0.0051870189797738,0.0004768282633250894
3637,2025-02-28 03:30:00,-0.0025816390445397,-0.0002553350532456892
3638,2025-02-28 04:00:00,-0.0042516357341072,-0.0006228955254580942
3639,2025-02-28 04:30:00,-0.0026419854094224,-0.0006309353701456317
3640,2025-02-28 22:30:00,0.0012048604583597,-0.005097720418264358
3641,2025-02-28 23:00:00,0.0041223211313765,-2.3292671764367555e-05
3642,2025-02-28 23:30:00,0.0010709732256693,0.0004663817505875754
